2026/08/13 08:01:15 maxprocs: Leaving GOMAXPROCS=4: CPU quota undefined
[Current] DELIVERY - Takes(s): 9.5, Count: 621, TPM: 3907.1, Sum(ms): 73961.9, Avg(ms): 119.2, 50th(ms): 96.5, 90th(ms): 167.8, 95th(ms): 302.0, 99th(ms): 671.1, 99.9th(ms): 872.4, Max(ms): 906.0
[Current] NEW_ORDER - Takes(s): 9.9, Count: 7585, TPM: 45860.0, Sum(ms): 313625.2, Avg(ms): 41.4, 50th(ms): 37.7, 90th(ms): 60.8, 95th(ms): 79.7, 99th(ms): 167.8, 99.9th(ms): 260.0, Max(ms): 369.1
[Current] ORDER_STATUS - Takes(s): 9.9, Count: 646, TPM: 3922.2, Sum(ms): 12300.7, Avg(ms): 19.0, 50th(ms): 13.6, 90th(ms): 32.5, 95th(ms): 46.1, 99th(ms): 117.4, 99.9th(ms): 192.9, Max(ms): 243.3
[Current] PAYMENT - Takes(s): 9.9, Count: 7053, TPM: 42660.8, Sum(ms): 137385.1, Avg(ms): 19.5, 50th(ms): 17.8, 90th(ms): 31.5, 95th(ms): 37.7, 99th(ms): 52.4, 99.9th(ms): 88.1, Max(ms): 113.2
[Current] STOCK_LEVEL - Takes(s): 9.5, Count: 621, TPM: 3913.1, Sum(ms): 74426.3, Avg(ms): 119.8, 50th(ms): 130.0, 90th(ms): 192.9, 95th(ms): 209.7, 99th(ms): 251.7, 99.9th(ms): 268.4, Max(ms): 268.4
[Current] DELIVERY - Takes(s): 10.0, Count: 782, TPM: 4702.9, Sum(ms): 71016.6, Avg(ms): 90.9, 50th(ms): 92.3, 90th(ms): 125.8, 95th(ms): 142.6, 99th(ms): 167.8, 99.9th(ms): 192.9, Max(ms): 201.3
[Current] NEW_ORDER - Takes(s): 10.0, Count: 9099, TPM: 54595.9, Sum(ms): 322392.3, Avg(ms): 35.4, 50th(ms): 35.7, 90th(ms): 54.5, 95th(ms): 60.8, 99th(ms): 79.7, 99.9th(ms): 113.2, Max(ms): 176.2
[Current] ORDER_STATUS - Takes(s): 10.0, Count: 806, TPM: 4838.0, Sum(ms): 10864.3, Avg(ms): 13.5, 50th(ms): 11.0, 90th(ms): 25.2, 95th(ms): 32.5, 99th(ms): 52.4, 99.9th(ms): 79.7, Max(ms): 100.7
[Current] PAYMENT - Takes(s): 10.0, Count: 8582, TPM: 51494.9, Sum(ms): 159159.2, Avg(ms): 18.6, 50th(ms): 17.8, 90th(ms): 29.4, 95th(ms): 35.7, 99th(ms): 50.3, 99.9th(ms): 75.5, Max(ms): 104.9
[Current] STOCK_LEVEL - Takes(s): 10.0, Count: 789, TPM: 4739.5, Sum(ms): 64700.5, Avg(ms): 82.0, 50th(ms): 88.1, 90th(ms): 130.0, 95th(ms): 151.0, 99th(ms): 192.9, 99.9th(ms): 243.3, Max(ms): 243.3
[Current] DELIVERY - Takes(s): 10.0, Count: 786, TPM: 4721.6, Sum(ms): 84775.5, Avg(ms): 107.9, 50th(ms): 109.1, 90th(ms): 151.0, 95th(ms): 176.2, 99th(ms): 201.3, 99.9th(ms): 268.4, Max(ms): 285.2
[Current] NEW_ORDER - Takes(s): 10.0, Count: 8258, TPM: 49560.6, Sum(ms): 318489.4, Avg(ms): 38.6, 50th(ms): 35.7, 90th(ms): 58.7, 95th(ms): 71.3, 99th(ms): 117.4, 99.9th(ms): 184.5, Max(ms): 226.5
[Current] ORDER_STATUS - Takes(s): 10.0, Count: 747, TPM: 4486.5, Sum(ms): 13078.5, Avg(ms): 17.5, 50th(ms): 13.6, 90th(ms): 35.7, 95th(ms): 41.9, 99th(ms): 71.3, 99.9th(ms): 151.0, Max(ms): 159.4
[Current] PAYMENT - Takes(s): 10.0, Count: 7842, TPM: 47069.5, Sum(ms): 157782.9, Avg(ms): 20.1, 50th(ms): 17.8, 90th(ms): 32.5, 95th(ms): 41.9, 99th(ms): 79.7, 99.9th(ms): 151.0, Max(ms): 209.7
[Current] STOCK_LEVEL - Takes(s): 10.0, Count: 711, TPM: 4276.5, Sum(ms): 53708.2, Avg(ms): 75.6, 50th(ms): 71.3, 90th(ms): 125.8, 95th(ms): 167.8, 99th(ms): 302.0, 99.9th(ms): 520.1, Max(ms): 637.5
[Current] DELIVERY - Takes(s): 10.0, Count: 728, TPM: 4388.7, Sum(ms): 74975.5, Avg(ms): 103.1, 50th(ms): 104.9, 90th(ms): 142.6, 95th(ms): 159.4, 99th(ms): 243.3, 99.9th(ms): 285.2, Max(ms): 302.0
[Current] NEW_ORDER - Takes(s): 10.0, Count: 8074, TPM: 48448.5, Sum(ms): 315142.2, Avg(ms): 39.0, 50th(ms): 35.7, 90th(ms): 60.8, 95th(ms): 75.5, 99th(ms): 113.2, 99.9th(ms): 234.9, Max(ms): 260.0
[Current] ORDER_STATUS - Takes(s): 10.0, Count: 723, TPM: 4339.4, Sum(ms): 13296.9, Avg(ms): 18.4, 50th(ms): 14.2, 90th(ms): 37.7, 95th(ms): 52.4, 99th(ms): 75.5, 99.9th(ms): 134.2, Max(ms): 142.6
[Current] PAYMENT - Takes(s): 10.0, Count: 7785, TPM: 46714.2, Sum(ms): 172347.3, Avg(ms): 22.1, 50th(ms): 18.9, 90th(ms): 37.7, 95th(ms): 48.2, 99th(ms): 83.9, 99.9th(ms): 226.5, Max(ms): 302.0
[Current] STOCK_LEVEL - Takes(s): 10.0, Count: 744, TPM: 4468.2, Sum(ms): 56189.4, Avg(ms): 75.5, 50th(ms): 65.0, 90th(ms): 151.0, 95th(ms): 226.5, 99th(ms): 352.3, 99.9th(ms): 486.5, Max(ms): 604.0
[Current] DELIVERY - Takes(s): 10.0, Count: 860, TPM: 5160.6, Sum(ms): 94685.0, Avg(ms): 110.1, 50th(ms): 109.1, 90th(ms): 151.0, 95th(ms): 159.4, 99th(ms): 201.3, 99.9th(ms): 243.3, Max(ms): 251.7
[Current] NEW_ORDER - Takes(s): 10.0, Count: 9394, TPM: 56369.2, Sum(ms): 325121.8, Avg(ms): 34.6, 50th(ms): 33.6, 90th(ms): 50.3, 95th(ms): 56.6, 99th(ms): 75.5, 99.9th(ms): 104.9, Max(ms): 209.7
[Current] ORDER_STATUS - Takes(s): 10.0, Count: 882, TPM: 5311.3, Sum(ms): 13250.9, Avg(ms): 15.0, 50th(ms): 13.6, 90th(ms): 26.2, 95th(ms): 32.5, 99th(ms): 39.8, 99.9th(ms): 88.1, Max(ms): 100.7
[Current] PAYMENT - Takes(s): 10.0, Count: 8798, TPM: 52792.8, Sum(ms): 153651.2, Avg(ms): 17.5, 50th(ms): 16.3, 90th(ms): 27.3, 95th(ms): 32.5, 99th(ms): 46.1, 99.9th(ms): 67.1, Max(ms): 88.1
[Current] STOCK_LEVEL - Takes(s): 10.0, Count: 871, TPM: 5232.5, Sum(ms): 43462.3, Avg(ms): 49.9, 50th(ms): 54.5, 90th(ms): 83.9, 95th(ms): 92.3, 99th(ms): 113.2, 99.9th(ms): 142.6, Max(ms): 142.6
[Current] DELIVERY - Takes(s): 10.0, Count: 746, TPM: 4497.5, Sum(ms): 80551.5, Avg(ms): 108.0, 50th(ms): 109.1, 90th(ms): 151.0, 95th(ms): 176.2, 99th(ms): 218.1, 99.9th(ms): 302.0, Max(ms): 369.1
[Current] NEW_ORDER - Takes(s): 10.0, Count: 8412, TPM: 50473.6, Sum(ms): 320374.3, Avg(ms): 38.1, 50th(ms): 35.7, 90th(ms): 58.7, 95th(ms): 71.3, 99th(ms): 100.7, 99.9th(ms): 130.0, Max(ms): 176.2
[Current] ORDER_STATUS - Takes(s): 10.0, Count: 707, TPM: 4245.9, Sum(ms): 13343.3, Avg(ms): 18.9, 50th(ms): 15.2, 90th(ms): 37.7, 95th(ms): 48.2, 99th(ms): 71.3, 99.9th(ms): 100.7, Max(ms): 109.1
[Current] PAYMENT - Takes(s): 10.0, Count: 7989, TPM: 47935.8, Sum(ms): 169479.8, Avg(ms): 21.2, 50th(ms): 17.8, 90th(ms): 37.7, 95th(ms): 46.1, 99th(ms): 71.3, 99.9th(ms): 109.1, Max(ms): 192.9
[Current] STOCK_LEVEL - Takes(s): 10.0, Count: 717, TPM: 4314.1, Sum(ms): 46692.8, Avg(ms): 65.2, 50th(ms): 54.5, 90th(ms): 159.4, 95th(ms): 218.1, 99th(ms): 285.2, 99.9th(ms): 352.3, Max(ms): 369.1
[Current] DELIVERY - Takes(s): 9.9, Count: 852, TPM: 5141.6, Sum(ms): 91863.5, Avg(ms): 107.8, 50th(ms): 109.1, 90th(ms): 151.0, 95th(ms): 159.4, 99th(ms): 192.9, 99.9th(ms): 268.4, Max(ms): 268.4
[Current] NEW_ORDER - Takes(s): 10.0, Count: 9456, TPM: 56740.4, Sum(ms): 324913.4, Avg(ms): 34.4, 50th(ms): 33.6, 90th(ms): 52.4, 95th(ms): 58.7, 99th(ms): 75.5, 99.9th(ms): 109.1, Max(ms): 167.8
[Current] ORDER_STATUS - Takes(s): 10.0, Count: 841, TPM: 5048.7, Sum(ms): 13271.6, Avg(ms): 15.8, 50th(ms): 13.6, 90th(ms): 29.4, 95th(ms): 35.7, 99th(ms): 50.3, 99.9th(ms): 67.1, Max(ms): 75.5
[Current] PAYMENT - Takes(s): 10.0, Count: 8981, TPM: 53914.6, Sum(ms): 154897.9, Avg(ms): 17.3, 50th(ms): 15.7, 90th(ms): 26.2, 95th(ms): 32.5, 99th(ms): 48.2, 99.9th(ms): 79.7, Max(ms): 134.2
[Current] STOCK_LEVEL - Takes(s): 10.0, Count: 849, TPM: 5096.8, Sum(ms): 43975.7, Avg(ms): 51.8, 50th(ms): 54.5, 90th(ms): 88.1, 95th(ms): 104.9, 99th(ms): 134.2, 99.9th(ms): 167.8, Max(ms): 184.5
[Current] DELIVERY - Takes(s): 10.0, Count: 851, TPM: 5107.3, Sum(ms): 93206.9, Avg(ms): 109.6, 50th(ms): 109.1, 90th(ms): 151.0, 95th(ms): 159.4, 99th(ms): 192.9, 99.9th(ms): 251.7, Max(ms): 285.2
[Current] NEW_ORDER - Takes(s): 10.0, Count: 9375, TPM: 56264.7, Sum(ms): 322422.3, Avg(ms): 34.4, 50th(ms): 33.6, 90th(ms): 52.4, 95th(ms): 58.7, 99th(ms): 75.5, 99.9th(ms): 104.9, Max(ms): 134.2
[Current] ORDER_STATUS - Takes(s): 10.0, Count: 851, TPM: 5106.0, Sum(ms): 13468.3, Avg(ms): 15.8, 50th(ms): 13.1, 90th(ms): 30.4, 95th(ms): 37.7, 99th(ms): 52.4, 99.9th(ms): 75.5, Max(ms): 83.9
[Current] PAYMENT - Takes(s): 10.0, Count: 9148, TPM: 54901.8, Sum(ms): 159398.0, Avg(ms): 17.4, 50th(ms): 16.3, 90th(ms): 27.3, 95th(ms): 32.5, 99th(ms): 48.2, 99.9th(ms): 71.3, Max(ms): 92.3
[Current] STOCK_LEVEL - Takes(s): 10.0, Count: 879, TPM: 5278.0, Sum(ms): 40779.3, Avg(ms): 46.4, 50th(ms): 50.3, 90th(ms): 79.7, 95th(ms): 88.1, 99th(ms): 104.9, 99.9th(ms): 151.0, Max(ms): 159.4
[Current] DELIVERY - Takes(s): 10.0, Count: 825, TPM: 4953.3, Sum(ms): 91163.5, Avg(ms): 110.4, 50th(ms): 113.2, 90th(ms): 151.0, 95th(ms): 167.8, 99th(ms): 218.1, 99.9th(ms): 251.7, Max(ms): 260.0
[Current] NEW_ORDER - Takes(s): 10.0, Count: 9408, TPM: 56458.9, Sum(ms): 324108.7, Avg(ms): 34.5, 50th(ms): 33.6, 90th(ms): 52.4, 95th(ms): 58.7, 99th(ms): 83.9, 99.9th(ms): 121.6, Max(ms): 151.0
[Current] ORDER_STATUS - Takes(s): 10.0, Count: 855, TPM: 5135.3, Sum(ms): 13261.5, Avg(ms): 15.5, 50th(ms): 14.2, 90th(ms): 28.3, 95th(ms): 33.6, 99th(ms): 46.1, 99.9th(ms): 65.0, Max(ms): 79.7
[Current] PAYMENT - Takes(s): 10.0, Count: 9249, TPM: 55493.2, Sum(ms): 160872.8, Avg(ms): 17.4, 50th(ms): 15.7, 90th(ms): 27.3, 95th(ms): 33.6, 99th(ms): 52.4, 99.9th(ms): 92.3, Max(ms): 159.4
[Current] STOCK_LEVEL - Takes(s): 10.0, Count: 831, TPM: 5002.3, Sum(ms): 39364.6, Avg(ms): 47.4, 50th(ms): 50.3, 90th(ms): 83.9, 95th(ms): 88.1, 99th(ms): 117.4, 99.9th(ms): 151.0, Max(ms): 167.8
[Current] DELIVERY - Takes(s): 10.0, Count: 743, TPM: 4460.0, Sum(ms): 80538.6, Avg(ms): 108.5, 50th(ms): 104.9, 90th(ms): 159.4, 95th(ms): 176.2, 99th(ms): 251.7, 99.9th(ms): 302.0, Max(ms): 385.9
[Current] NEW_ORDER - Takes(s): 10.0, Count: 8159, TPM: 48974.0, Sum(ms): 314049.3, Avg(ms): 38.5, 50th(ms): 35.7, 90th(ms): 60.8, 95th(ms): 71.3, 99th(ms): 109.1, 99.9th(ms): 176.2, Max(ms): 234.9
[Current] ORDER_STATUS - Takes(s): 10.0, Count: 742, TPM: 4454.0, Sum(ms): 15139.4, Avg(ms): 20.4, 50th(ms): 15.2, 90th(ms): 41.9, 95th(ms): 56.6, 99th(ms): 83.9, 99.9th(ms): 125.8, Max(ms): 209.7
[Current] PAYMENT - Takes(s): 10.0, Count: 7702, TPM: 46215.6, Sum(ms): 169036.3, Avg(ms): 22.0, 50th(ms): 17.8, 90th(ms): 37.7, 95th(ms): 48.2, 99th(ms): 79.7, 99.9th(ms): 151.0, Max(ms): 218.1
[Current] STOCK_LEVEL - Takes(s): 10.0, Count: 760, TPM: 4563.8, Sum(ms): 51084.5, Avg(ms): 67.2, 50th(ms): 58.7, 90th(ms): 142.6, 95th(ms): 201.3, 99th(ms): 285.2, 99.9th(ms): 419.4, Max(ms): 469.8
[Current] DELIVERY - Takes(s): 10.0, Count: 794, TPM: 4767.9, Sum(ms): 86254.2, Avg(ms): 108.7, 50th(ms): 109.1, 90th(ms): 151.0, 95th(ms): 167.8, 99th(ms): 209.7, 99.9th(ms): 243.3, Max(ms): 243.3
[Current] NEW_ORDER - Takes(s): 9.9, Count: 9549, TPM: 57624.4, Sum(ms): 333517.1, Avg(ms): 34.9, 50th(ms): 33.6, 90th(ms): 52.4, 95th(ms): 58.7, 99th(ms): 88.1, 99.9th(ms): 176.2, Max(ms): 226.5
[Current] ORDER_STATUS - Takes(s): 10.0, Count: 788, TPM: 4751.6, Sum(ms): 12037.7, Avg(ms): 15.3, 50th(ms): 13.6, 90th(ms): 26.2, 95th(ms): 33.6, 99th(ms): 54.5, 99.9th(ms): 117.4, Max(ms): 121.6
[Current] PAYMENT - Takes(s): 10.0, Count: 8860, TPM: 53202.6, Sum(ms): 158785.6, Avg(ms): 17.9, 50th(ms): 16.3, 90th(ms): 27.3, 95th(ms): 32.5, 99th(ms): 58.7, 99.9th(ms): 104.9, Max(ms): 167.8
[Current] STOCK_LEVEL - Takes(s): 10.0, Count: 809, TPM: 4878.3, Sum(ms): 40305.6, Avg(ms): 49.9, 50th(ms): 52.4, 90th(ms): 83.9, 95th(ms): 92.3, 99th(ms): 130.0, 99.9th(ms): 268.4, Max(ms): 285.2
[Current] DELIVERY - Takes(s): 10.0, Count: 835, TPM: 5013.7, Sum(ms): 95587.6, Avg(ms): 114.5, 50th(ms): 113.2, 90th(ms): 151.0, 95th(ms): 167.8, 99th(ms): 209.7, 99.9th(ms): 268.4, Max(ms): 285.2
[Current] NEW_ORDER - Takes(s): 10.0, Count: 9310, TPM: 55865.1, Sum(ms): 322901.9, Avg(ms): 34.7, 50th(ms): 33.6, 90th(ms): 52.4, 95th(ms): 58.7, 99th(ms): 75.5, 99.9th(ms): 109.1, Max(ms): 151.0
[Current] ORDER_STATUS - Takes(s): 10.0, Count: 875, TPM: 5254.0, Sum(ms): 13111.2, Avg(ms): 15.0, 50th(ms): 13.6, 90th(ms): 26.2, 95th(ms): 30.4, 99th(ms): 44.0, 99.9th(ms): 83.9, Max(ms): 134.2
[Current] PAYMENT - Takes(s): 10.0, Count: 8981, TPM: 53899.3, Sum(ms): 158991.0, Avg(ms): 17.7, 50th(ms): 16.3, 90th(ms): 27.3, 95th(ms): 32.5, 99th(ms): 48.2, 99.9th(ms): 71.3, Max(ms): 113.2
[Current] STOCK_LEVEL - Takes(s): 10.0, Count: 812, TPM: 4878.7, Sum(ms): 38596.5, Avg(ms): 47.6, 50th(ms): 50.3, 90th(ms): 79.7, 95th(ms): 88.1, 99th(ms): 109.1, 99.9th(ms): 125.8, Max(ms): 134.2
[Current] DELIVERY - Takes(s): 10.0, Count: 829, TPM: 4978.9, Sum(ms): 90314.5, Avg(ms): 108.9, 50th(ms): 109.1, 90th(ms): 142.6, 95th(ms): 167.8, 99th(ms): 218.1, 99.9th(ms): 234.9, Max(ms): 260.0
[Current] NEW_ORDER - Takes(s): 10.0, Count: 9594, TPM: 57578.5, Sum(ms): 324928.6, Avg(ms): 33.9, 50th(ms): 33.6, 90th(ms): 50.3, 95th(ms): 54.5, 99th(ms): 71.3, 99.9th(ms): 109.1, Max(ms): 142.6
[Current] ORDER_STATUS - Takes(s): 10.0, Count: 818, TPM: 4922.1, Sum(ms): 11024.8, Avg(ms): 13.5, 50th(ms): 12.1, 90th(ms): 23.1, 95th(ms): 28.3, 99th(ms): 44.0, 99.9th(ms): 52.4, Max(ms): 71.3
[Current] PAYMENT - Takes(s): 10.0, Count: 8962, TPM: 53777.9, Sum(ms): 162291.9, Avg(ms): 18.1, 50th(ms): 16.8, 90th(ms): 28.3, 95th(ms): 32.5, 99th(ms): 50.3, 99.9th(ms): 79.7, Max(ms): 134.2
[Current] STOCK_LEVEL - Takes(s): 10.0, Count: 830, TPM: 4998.6, Sum(ms): 40035.4, Avg(ms): 48.2, 50th(ms): 52.4, 90th(ms): 83.9, 95th(ms): 92.3, 99th(ms): 109.1, 99.9th(ms): 159.4, Max(ms): 218.1
[Current] DELIVERY - Takes(s): 10.0, Count: 856, TPM: 5139.5, Sum(ms): 97415.3, Avg(ms): 113.9, 50th(ms): 113.2, 90th(ms): 151.0, 95th(ms): 167.8, 99th(ms): 226.5, 99.9th(ms): 234.9, Max(ms): 260.0
[Current] NEW_ORDER - Takes(s): 10.0, Count: 9538, TPM: 57228.7, Sum(ms): 318448.9, Avg(ms): 33.4, 50th(ms): 32.5, 90th(ms): 48.2, 95th(ms): 54.5, 99th(ms): 71.3, 99.9th(ms): 104.9, Max(ms): 167.8
[Current] ORDER_STATUS - Takes(s): 10.0, Count: 859, TPM: 5160.5, Sum(ms): 10869.0, Avg(ms): 12.7, 50th(ms): 12.1, 90th(ms): 21.0, 95th(ms): 25.2, 99th(ms): 37.7, 99.9th(ms): 60.8, Max(ms): 62.9
[Current] PAYMENT - Takes(s): 10.0, Count: 9190, TPM: 55160.2, Sum(ms): 163523.6, Avg(ms): 17.8, 50th(ms): 16.8, 90th(ms): 27.3, 95th(ms): 32.5, 99th(ms): 46.1, 99.9th(ms): 67.1, Max(ms): 104.9
[Current] STOCK_LEVEL - Takes(s): 10.0, Count: 828, TPM: 4973.9, Sum(ms): 39117.8, Avg(ms): 47.3, 50th(ms): 52.4, 90th(ms): 79.7, 95th(ms): 92.3, 99th(ms): 109.1, 99.9th(ms): 130.0, Max(ms): 134.2
[Current] DELIVERY - Takes(s): 10.0, Count: 892, TPM: 5353.8, Sum(ms): 100977.6, Avg(ms): 113.2, 50th(ms): 113.2, 90th(ms): 151.0, 95th(ms): 167.8, 99th(ms): 226.5, 99.9th(ms): 302.0, Max(ms): 335.5
[Current] NEW_ORDER - Takes(s): 10.0, Count: 9631, TPM: 57805.0, Sum(ms): 319042.6, Avg(ms): 33.1, 50th(ms): 32.5, 90th(ms): 48.2, 95th(ms): 54.5, 99th(ms): 71.3, 99.9th(ms): 109.1, Max(ms): 159.4
[Current] ORDER_STATUS - Takes(s): 10.0, Count: 823, TPM: 4940.6, Sum(ms): 10448.2, Avg(ms): 12.7, 50th(ms): 12.1, 90th(ms): 19.9, 95th(ms): 25.2, 99th(ms): 35.7, 99.9th(ms): 48.2, Max(ms): 125.8
[Current] PAYMENT - Takes(s): 10.0, Count: 9076, TPM: 54474.2, Sum(ms): 159564.9, Avg(ms): 17.6, 50th(ms): 16.3, 90th(ms): 26.2, 95th(ms): 31.5, 99th(ms): 46.1, 99.9th(ms): 65.0, Max(ms): 121.6
[Current] STOCK_LEVEL - Takes(s): 10.0, Count: 839, TPM: 5035.7, Sum(ms): 39209.8, Avg(ms): 46.8, 50th(ms): 50.3, 90th(ms): 79.7, 95th(ms): 88.1, 99th(ms): 100.7, 99.9th(ms): 117.4, Max(ms): 151.0
[Current] DELIVERY - Takes(s): 10.0, Count: 826, TPM: 4967.8, Sum(ms): 90602.5, Avg(ms): 109.8, 50th(ms): 109.1, 90th(ms): 151.0, 95th(ms): 167.8, 99th(ms): 209.7, 99.9th(ms): 260.0, Max(ms): 268.4
[Current] NEW_ORDER - Takes(s): 10.0, Count: 9618, TPM: 57761.3, Sum(ms): 321189.7, Avg(ms): 33.4, 50th(ms): 32.5, 90th(ms): 50.3, 95th(ms): 56.6, 99th(ms): 79.7, 99.9th(ms): 113.2, Max(ms): 159.4
[Current] ORDER_STATUS - Takes(s): 10.0, Count: 855, TPM: 5140.8, Sum(ms): 11071.0, Avg(ms): 12.9, 50th(ms): 11.5, 90th(ms): 21.0, 95th(ms): 26.2, 99th(ms): 46.1, 99.9th(ms): 92.3, Max(ms): 100.7
[Current] PAYMENT - Takes(s): 10.0, Count: 9080, TPM: 54530.1, Sum(ms): 165112.2, Avg(ms): 18.2, 50th(ms): 16.8, 90th(ms): 28.3, 95th(ms): 33.6, 99th(ms): 50.3, 99.9th(ms): 92.3, Max(ms): 130.0
[Current] STOCK_LEVEL - Takes(s): 10.0, Count: 866, TPM: 5199.1, Sum(ms): 41046.7, Avg(ms): 47.4, 50th(ms): 52.4, 90th(ms): 83.9, 95th(ms): 92.3, 99th(ms): 121.6, 99.9th(ms): 151.0, Max(ms): 159.4
[Current] DELIVERY - Takes(s): 10.0, Count: 839, TPM: 5043.5, Sum(ms): 97443.6, Avg(ms): 116.3, 50th(ms): 113.2, 90th(ms): 159.4, 95th(ms): 184.5, 99th(ms): 218.1, 99.9th(ms): 268.4, Max(ms): 285.2
[Current] NEW_ORDER - Takes(s): 10.0, Count: 9348, TPM: 56102.7, Sum(ms): 320556.2, Avg(ms): 34.3, 50th(ms): 33.6, 90th(ms): 50.3, 95th(ms): 56.6, 99th(ms): 83.9, 99.9th(ms): 125.8, Max(ms): 167.8
[Current] ORDER_STATUS - Takes(s): 10.0, Count: 758, TPM: 4551.5, Sum(ms): 10136.8, Avg(ms): 13.4, 50th(ms): 12.1, 90th(ms): 22.0, 95th(ms): 28.3, 99th(ms): 46.1, 99.9th(ms): 83.9, Max(ms): 104.9
[Current] PAYMENT - Takes(s): 10.0, Count: 8621, TPM: 51730.6, Sum(ms): 158543.8, Avg(ms): 18.4, 50th(ms): 16.8, 90th(ms): 28.3, 95th(ms): 35.7, 99th(ms): 50.3, 99.9th(ms): 100.7, Max(ms): 125.8
[Current] STOCK_LEVEL - Takes(s): 10.0, Count: 813, TPM: 4885.2, Sum(ms): 41601.5, Avg(ms): 51.3, 50th(ms): 54.5, 90th(ms): 88.1, 95th(ms): 104.9, 99th(ms): 151.0, 99.9th(ms): 184.5, Max(ms): 209.7
[Current] DELIVERY - Takes(s): 10.0, Count: 758, TPM: 4550.0, Sum(ms): 86174.0, Avg(ms): 113.6, 50th(ms): 109.1, 90th(ms): 159.4, 95th(ms): 184.5, 99th(ms): 243.3, 99.9th(ms): 352.3, Max(ms): 369.1
[Current] NEW_ORDER - Takes(s): 10.0, Count: 8225, TPM: 49357.4, Sum(ms): 310077.8, Avg(ms): 37.7, 50th(ms): 35.7, 90th(ms): 58.7, 95th(ms): 71.3, 99th(ms): 100.7, 99.9th(ms): 243.3, Max(ms): 285.2
[Current] ORDER_STATUS - Takes(s): 10.0, Count: 721, TPM: 4326.6, Sum(ms): 12040.5, Avg(ms): 16.7, 50th(ms): 13.1, 90th(ms): 33.6, 95th(ms): 44.0, 99th(ms): 71.3, 99.9th(ms): 88.1, Max(ms): 96.5
[Current] PAYMENT - Takes(s): 10.0, Count: 7899, TPM: 47401.1, Sum(ms): 174424.1, Avg(ms): 22.1, 50th(ms): 18.9, 90th(ms): 37.7, 95th(ms): 46.1, 99th(ms): 79.7, 99.9th(ms): 184.5, Max(ms): 260.0
[Current] STOCK_LEVEL - Takes(s): 10.0, Count: 722, TPM: 4334.5, Sum(ms): 48890.4, Avg(ms): 67.7, 50th(ms): 58.7, 90th(ms): 151.0, 95th(ms): 201.3, 99th(ms): 302.0, 99.9th(ms): 335.5, Max(ms): 369.1
[Current] DELIVERY - Takes(s): 10.0, Count: 841, TPM: 5047.3, Sum(ms): 94588.4, Avg(ms): 112.5, 50th(ms): 113.2, 90th(ms): 159.4, 95th(ms): 184.5, 99th(ms): 226.5, 99.9th(ms): 243.3, Max(ms): 268.4
[Current] NEW_ORDER - Takes(s): 10.0, Count: 9355, TPM: 56144.9, Sum(ms): 321248.3, Avg(ms): 34.3, 50th(ms): 33.6, 90th(ms): 50.3, 95th(ms): 56.6, 99th(ms): 79.7, 99.9th(ms): 121.6, Max(ms): 184.5
[Current] ORDER_STATUS - Takes(s): 10.0, Count: 812, TPM: 4878.0, Sum(ms): 10832.4, Avg(ms): 13.3, 50th(ms): 12.6, 90th(ms): 21.0, 95th(ms): 25.2, 99th(ms): 50.3, 99.9th(ms): 75.5, Max(ms): 130.0
[Current] PAYMENT - Takes(s): 10.0, Count: 8801, TPM: 52805.9, Sum(ms): 162871.0, Avg(ms): 18.5, 50th(ms): 16.8, 90th(ms): 28.3, 95th(ms): 35.7, 99th(ms): 54.5, 99.9th(ms): 83.9, Max(ms): 121.6
[Current] STOCK_LEVEL - Takes(s): 10.0, Count: 793, TPM: 4775.9, Sum(ms): 40078.4, Avg(ms): 50.6, 50th(ms): 54.5, 90th(ms): 88.1, 95th(ms): 96.5, 99th(ms): 130.0, 99.9th(ms): 176.2, Max(ms): 176.2
[Current] DELIVERY - Takes(s): 10.0, Count: 461, TPM: 2767.4, Sum(ms): 52836.4, Avg(ms): 114.7, 50th(ms): 104.9, 90th(ms): 184.5, 95th(ms): 226.5, 99th(ms): 318.8, 99.9th(ms): 352.3, Max(ms): 352.3
[Current] NEW_ORDER - Takes(s): 10.0, Count: 5726, TPM: 34410.7, Sum(ms): 303933.1, Avg(ms): 53.1, 50th(ms): 46.1, 90th(ms): 92.3, 95th(ms): 117.4, 99th(ms): 176.2, 99.9th(ms): 243.3, Max(ms): 318.8
[Current] ORDER_STATUS - Takes(s): 10.0, Count: 517, TPM: 3105.0, Sum(ms): 15576.3, Avg(ms): 30.1, 50th(ms): 19.9, 90th(ms): 65.0, 95th(ms): 83.9, 99th(ms): 167.8, 99.9th(ms): 218.1, Max(ms): 243.3
[Current] PAYMENT - Takes(s): 10.0, Count: 5319, TPM: 31964.6, Sum(ms): 194217.3, Avg(ms): 36.5, 50th(ms): 30.4, 90th(ms): 67.1, 95th(ms): 83.9, 99th(ms): 142.6, 99.9th(ms): 226.5, Max(ms): 318.8
[Current] STOCK_LEVEL - Takes(s): 10.0, Count: 522, TPM: 3139.6, Sum(ms): 67425.0, Avg(ms): 129.2, 50th(ms): 83.9, 90th(ms): 302.0, 95th(ms): 436.2, 99th(ms): 570.4, 99.9th(ms): 738.2, Max(ms): 738.2
[Current] DELIVERY - Takes(s): 10.0, Count: 819, TPM: 4932.6, Sum(ms): 84416.1, Avg(ms): 103.1, 50th(ms): 104.9, 90th(ms): 142.6, 95th(ms): 159.4, 99th(ms): 218.1, 99.9th(ms): 251.7, Max(ms): 302.0
[Current] NEW_ORDER - Takes(s): 10.0, Count: 8975, TPM: 53865.3, Sum(ms): 310519.1, Avg(ms): 34.6, 50th(ms): 33.6, 90th(ms): 52.4, 95th(ms): 60.8, 99th(ms): 79.7, 99.9th(ms): 113.2, Max(ms): 151.0
[Current] ORDER_STATUS - Takes(s): 9.9, Count: 835, TPM: 5037.5, Sum(ms): 11311.8, Avg(ms): 13.6, 50th(ms): 12.1, 90th(ms): 23.1, 95th(ms): 30.4, 99th(ms): 52.4, 99.9th(ms): 71.3, Max(ms): 79.7
[Current] PAYMENT - Takes(s): 10.0, Count: 8571, TPM: 51601.5, Sum(ms): 177502.2, Avg(ms): 20.7, 50th(ms): 18.9, 90th(ms): 35.7, 95th(ms): 41.9, 99th(ms): 62.9, 99.9th(ms): 88.1, Max(ms): 113.2
[Current] STOCK_LEVEL - Takes(s): 10.0, Count: 829, TPM: 4989.9, Sum(ms): 46288.2, Avg(ms): 55.9, 50th(ms): 54.5, 90th(ms): 100.7, 95th(ms): 134.2, 99th(ms): 218.1, 99.9th(ms): 285.2, Max(ms): 352.3
[Current] DELIVERY - Takes(s): 10.0, Count: 835, TPM: 5014.3, Sum(ms): 92777.6, Avg(ms): 111.2, 50th(ms): 109.1, 90th(ms): 151.0, 95th(ms): 167.8, 99th(ms): 218.1, 99.9th(ms): 335.5, Max(ms): 335.5
[Current] NEW_ORDER - Takes(s): 10.0, Count: 9408, TPM: 56449.5, Sum(ms): 318506.1, Avg(ms): 33.9, 50th(ms): 32.5, 90th(ms): 50.3, 95th(ms): 58.7, 99th(ms): 79.7, 99.9th(ms): 117.4, Max(ms): 159.4
[Current] ORDER_STATUS - Takes(s): 10.0, Count: 903, TPM: 5421.2, Sum(ms): 11733.9, Avg(ms): 13.0, 50th(ms): 11.5, 90th(ms): 21.0, 95th(ms): 29.4, 99th(ms): 50.3, 99.9th(ms): 88.1, Max(ms): 92.3
[Current] PAYMENT - Takes(s): 10.0, Count: 8961, TPM: 53768.1, Sum(ms): 165322.5, Avg(ms): 18.5, 50th(ms): 16.8, 90th(ms): 28.3, 95th(ms): 35.7, 99th(ms): 54.5, 99.9th(ms): 79.7, Max(ms): 92.3
[Current] STOCK_LEVEL - Takes(s): 10.0, Count: 816, TPM: 4903.2, Sum(ms): 40770.1, Avg(ms): 50.0, 50th(ms): 54.5, 90th(ms): 83.9, 95th(ms): 96.5, 99th(ms): 125.8, 99.9th(ms): 176.2, Max(ms): 209.7
[Current] DELIVERY - Takes(s): 10.0, Count: 931, TPM: 5594.7, Sum(ms): 101790.2, Avg(ms): 109.4, 50th(ms): 109.1, 90th(ms): 151.0, 95th(ms): 167.8, 99th(ms): 209.7, 99.9th(ms): 251.7, Max(ms): 251.7
[Current] NEW_ORDER - Takes(s): 10.0, Count: 9437, TPM: 56669.6, Sum(ms): 310138.3, Avg(ms): 32.9, 50th(ms): 32.5, 90th(ms): 48.2, 95th(ms): 54.5, 99th(ms): 71.3, 99.9th(ms): 117.4, Max(ms): 159.4
[Current] ORDER_STATUS - Takes(s): 10.0, Count: 822, TPM: 4934.4, Sum(ms): 10602.5, Avg(ms): 12.9, 50th(ms): 12.1, 90th(ms): 21.0, 95th(ms): 27.3, 99th(ms): 46.1, 99.9th(ms): 52.4, Max(ms): 75.5
[Current] PAYMENT - Takes(s): 10.0, Count: 9426, TPM: 56603.0, Sum(ms): 164857.9, Avg(ms): 17.5, 50th(ms): 16.3, 90th(ms): 27.3, 95th(ms): 32.5, 99th(ms): 46.1, 99.9th(ms): 62.9, Max(ms): 79.7
[Current] STOCK_LEVEL - Takes(s): 10.0, Count: 818, TPM: 4909.1, Sum(ms): 41344.5, Avg(ms): 50.6, 50th(ms): 54.5, 90th(ms): 88.1, 95th(ms): 100.7, 99th(ms): 134.2, 99.9th(ms): 167.8, Max(ms): 176.2
[Current] DELIVERY - Takes(s): 10.0, Count: 871, TPM: 5234.0, Sum(ms): 97812.3, Avg(ms): 112.3, 50th(ms): 113.2, 90th(ms): 151.0, 95th(ms): 167.8, 99th(ms): 209.7, 99.9th(ms): 234.9, Max(ms): 243.3
[Current] NEW_ORDER - Takes(s): 10.0, Count: 9587, TPM: 57522.9, Sum(ms): 317632.2, Avg(ms): 33.1, 50th(ms): 32.5, 90th(ms): 48.2, 95th(ms): 54.5, 99th(ms): 71.3, 99.9th(ms): 96.5, Max(ms): 167.8
[Current] ORDER_STATUS - Takes(s): 10.0, Count: 795, TPM: 4771.3, Sum(ms): 10090.5, Avg(ms): 12.7, 50th(ms): 11.5, 90th(ms): 22.0, 95th(ms): 26.2, 99th(ms): 39.8, 99.9th(ms): 52.4, Max(ms): 56.6
[Current] PAYMENT - Takes(s): 10.0, Count: 9111, TPM: 54692.9, Sum(ms): 162582.6, Avg(ms): 17.8, 50th(ms): 16.8, 90th(ms): 27.3, 95th(ms): 32.5, 99th(ms): 46.1, 99.9th(ms): 71.3, Max(ms): 100.7
[Current] STOCK_LEVEL - Takes(s): 10.0, Count: 827, TPM: 4963.4, Sum(ms): 40474.7, Avg(ms): 49.0, 50th(ms): 52.4, 90th(ms): 88.1, 95th(ms): 96.5, 99th(ms): 121.6, 99.9th(ms): 159.4, Max(ms): 209.7
[Current] DELIVERY - Takes(s): 10.0, Count: 864, TPM: 5185.1, Sum(ms): 98515.7, Avg(ms): 114.0, 50th(ms): 113.2, 90th(ms): 159.4, 95th(ms): 176.2, 99th(ms): 226.5, 99.9th(ms): 260.0, Max(ms): 260.0
[Current] NEW_ORDER - Takes(s): 10.0, Count: 9326, TPM: 55963.1, Sum(ms): 316151.2, Avg(ms): 33.9, 50th(ms): 33.6, 90th(ms): 48.2, 95th(ms): 54.5, 99th(ms): 75.5, 99.9th(ms): 121.6, Max(ms): 209.7
[Current] ORDER_STATUS - Takes(s): 10.0, Count: 844, TPM: 5070.0, Sum(ms): 10673.6, Avg(ms): 12.6, 50th(ms): 11.5, 90th(ms): 19.9, 95th(ms): 25.2, 99th(ms): 46.1, 99.9th(ms): 75.5, Max(ms): 92.3
[Current] PAYMENT - Takes(s): 10.0, Count: 8952, TPM: 53725.4, Sum(ms): 162025.1, Avg(ms): 18.1, 50th(ms): 16.8, 90th(ms): 27.3, 95th(ms): 32.5, 99th(ms): 48.2, 99.9th(ms): 88.1, Max(ms): 176.2
[Current] STOCK_LEVEL - Takes(s): 10.0, Count: 796, TPM: 4776.4, Sum(ms): 41374.5, Avg(ms): 52.0, 50th(ms): 56.6, 90th(ms): 88.1, 95th(ms): 96.5, 99th(ms): 125.8, 99.9th(ms): 176.2, Max(ms): 218.1
[Current] DELIVERY - Takes(s): 10.0, Count: 810, TPM: 4865.2, Sum(ms): 89089.5, Avg(ms): 110.0, 50th(ms): 109.1, 90th(ms): 151.0, 95th(ms): 167.8, 99th(ms): 209.7, 99.9th(ms): 243.3, Max(ms): 260.0
[Current] NEW_ORDER - Takes(s): 10.0, Count: 9500, TPM: 57035.8, Sum(ms): 322394.1, Avg(ms): 33.9, 50th(ms): 32.5, 90th(ms): 50.3, 95th(ms): 56.6, 99th(ms): 75.5, 99.9th(ms): 121.6, Max(ms): 151.0
[Current] ORDER_STATUS - Takes(s): 10.0, Count: 858, TPM: 5151.4, Sum(ms): 10680.3, Avg(ms): 12.4, 50th(ms): 11.0, 90th(ms): 21.0, 95th(ms): 27.3, 99th(ms): 41.9, 99.9th(ms): 67.1, Max(ms): 75.5
[Current] PAYMENT - Takes(s): 10.0, Count: 8934, TPM: 53660.1, Sum(ms): 163717.8, Avg(ms): 18.3, 50th(ms): 16.8, 90th(ms): 28.3, 95th(ms): 33.6, 99th(ms): 48.2, 99.9th(ms): 75.5, Max(ms): 100.7
[Current] STOCK_LEVEL - Takes(s): 10.0, Count: 836, TPM: 5023.1, Sum(ms): 43328.0, Avg(ms): 51.8, 50th(ms): 54.5, 90th(ms): 88.1, 95th(ms): 104.9, 99th(ms): 184.5, 99.9th(ms): 268.4, Max(ms): 285.2
[Current] DELIVERY - Takes(s): 10.0, Count: 820, TPM: 4924.6, Sum(ms): 94307.3, Avg(ms): 115.0, 50th(ms): 113.2, 90th(ms): 159.4, 95th(ms): 176.2, 99th(ms): 226.5, 99.9th(ms): 268.4, Max(ms): 318.8
[Current] NEW_ORDER - Takes(s): 10.0, Count: 9544, TPM: 57287.6, Sum(ms): 318533.8, Avg(ms): 33.4, 50th(ms): 32.5, 90th(ms): 50.3, 95th(ms): 56.6, 99th(ms): 71.3, 99.9th(ms): 104.9, Max(ms): 251.7
[Current] ORDER_STATUS - Takes(s): 10.0, Count: 915, TPM: 5495.5, Sum(ms): 10835.9, Avg(ms): 11.8, 50th(ms): 11.0, 90th(ms): 19.9, 95th(ms): 23.1, 99th(ms): 33.6, 99.9th(ms): 62.9, Max(ms): 62.9
[Current] PAYMENT - Takes(s): 10.0, Count: 8985, TPM: 53932.2, Sum(ms): 164246.0, Avg(ms): 18.3, 50th(ms): 16.8, 90th(ms): 28.3, 95th(ms): 35.7, 99th(ms): 52.4, 99.9th(ms): 75.5, Max(ms): 125.8
[Current] STOCK_LEVEL - Takes(s): 10.0, Count: 849, TPM: 5095.1, Sum(ms): 41652.8, Avg(ms): 49.1, 50th(ms): 54.5, 90th(ms): 83.9, 95th(ms): 88.1, 99th(ms): 104.9, 99.9th(ms): 130.0, Max(ms): 184.5
[Current] DELIVERY - Takes(s): 10.0, Count: 817, TPM: 4902.2, Sum(ms): 92116.6, Avg(ms): 112.8, 50th(ms): 113.2, 90th(ms): 159.4, 95th(ms): 176.2, 99th(ms): 226.5, 99.9th(ms): 251.7, Max(ms): 260.0
[Current] NEW_ORDER - Takes(s): 10.0, Count: 9484, TPM: 56912.1, Sum(ms): 318714.5, Avg(ms): 33.6, 50th(ms): 32.5, 90th(ms): 50.3, 95th(ms): 54.5, 99th(ms): 71.3, 99.9th(ms): 125.8, Max(ms): 184.5
[Current] ORDER_STATUS - Takes(s): 10.0, Count: 845, TPM: 5076.1, Sum(ms): 10520.1, Avg(ms): 12.5, 50th(ms): 11.5, 90th(ms): 19.9, 95th(ms): 23.1, 99th(ms): 41.9, 99.9th(ms): 92.3, Max(ms): 100.7
[Current] PAYMENT - Takes(s): 10.0, Count: 8980, TPM: 53879.8, Sum(ms): 164157.9, Avg(ms): 18.3, 50th(ms): 16.8, 90th(ms): 28.3, 95th(ms): 35.7, 99th(ms): 52.4, 99.9th(ms): 79.7, Max(ms): 96.5
[Current] STOCK_LEVEL - Takes(s): 10.0, Count: 891, TPM: 5351.4, Sum(ms): 43038.0, Avg(ms): 48.3, 50th(ms): 52.4, 90th(ms): 79.7, 95th(ms): 88.1, 99th(ms): 109.1, 99.9th(ms): 151.0, Max(ms): 159.4
[Current] DELIVERY - Takes(s): 10.0, Count: 816, TPM: 4899.4, Sum(ms): 94654.7, Avg(ms): 116.0, 50th(ms): 113.2, 90th(ms): 159.4, 95th(ms): 184.5, 99th(ms): 226.5, 99.9th(ms): 251.7, Max(ms): 285.2
[Current] NEW_ORDER - Takes(s): 10.0, Count: 9427, TPM: 56599.9, Sum(ms): 318178.5, Avg(ms): 33.8, 50th(ms): 32.5, 90th(ms): 50.3, 95th(ms): 56.6, 99th(ms): 71.3, 99.9th(ms): 104.9, Max(ms): 176.2
[Current] ORDER_STATUS - Takes(s): 10.0, Count: 830, TPM: 4980.6, Sum(ms): 9850.4, Avg(ms): 11.9, 50th(ms): 11.5, 90th(ms): 18.9, 95th(ms): 23.1, 99th(ms): 35.7, 99.9th(ms): 41.9, Max(ms): 44.0
[Current] PAYMENT - Takes(s): 10.0, Count: 9041, TPM: 54282.5, Sum(ms): 163242.7, Avg(ms): 18.1, 50th(ms): 16.8, 90th(ms): 27.3, 95th(ms): 32.5, 99th(ms): 50.3, 99.9th(ms): 75.5, Max(ms): 109.1
[Current] STOCK_LEVEL - Takes(s): 10.0, Count: 881, TPM: 5288.7, Sum(ms): 43220.6, Avg(ms): 49.1, 50th(ms): 54.5, 90th(ms): 83.9, 95th(ms): 92.3, 99th(ms): 113.2, 99.9th(ms): 167.8, Max(ms): 201.3
[Current] DELIVERY - Takes(s): 10.0, Count: 859, TPM: 5156.7, Sum(ms): 94122.9, Avg(ms): 109.6, 50th(ms): 109.1, 90th(ms): 151.0, 95th(ms): 167.8, 99th(ms): 209.7, 99.9th(ms): 268.4, Max(ms): 285.2
[Current] NEW_ORDER - Takes(s): 10.0, Count: 9462, TPM: 56773.5, Sum(ms): 315291.2, Avg(ms): 33.3, 50th(ms): 32.5, 90th(ms): 50.3, 95th(ms): 54.5, 99th(ms): 75.5, 99.9th(ms): 109.1, Max(ms): 142.6
[Current] ORDER_STATUS - Takes(s): 10.0, Count: 839, TPM: 5036.0, Sum(ms): 10121.5, Avg(ms): 12.1, 50th(ms): 11.5, 90th(ms): 19.9, 95th(ms): 23.1, 99th(ms): 35.7, 99.9th(ms): 88.1, Max(ms): 100.7
[Current] PAYMENT - Takes(s): 10.0, Count: 9062, TPM: 54399.4, Sum(ms): 167508.4, Avg(ms): 18.5, 50th(ms): 16.8, 90th(ms): 28.3, 95th(ms): 33.6, 99th(ms): 48.2, 99.9th(ms): 75.5, Max(ms): 92.3
[Current] STOCK_LEVEL - Takes(s): 10.0, Count: 850, TPM: 5104.5, Sum(ms): 41302.0, Avg(ms): 48.6, 50th(ms): 52.4, 90th(ms): 88.1, 95th(ms): 96.5, 99th(ms): 121.6, 99.9th(ms): 159.4, Max(ms): 167.8
[Current] DELIVERY - Takes(s): 10.0, Count: 875, TPM: 5252.8, Sum(ms): 98357.0, Avg(ms): 112.5, 50th(ms): 113.2, 90th(ms): 151.0, 95th(ms): 176.2, 99th(ms): 234.9, 99.9th(ms): 285.2, Max(ms): 369.1
[Current] NEW_ORDER - Takes(s): 10.0, Count: 9221, TPM: 55355.2, Sum(ms): 314356.5, Avg(ms): 34.1, 50th(ms): 32.5, 90th(ms): 52.4, 95th(ms): 58.7, 99th(ms): 79.7, 99.9th(ms): 125.8, Max(ms): 251.7
[Current] ORDER_STATUS - Takes(s): 10.0, Count: 790, TPM: 4740.1, Sum(ms): 9526.3, Avg(ms): 12.1, 50th(ms): 11.0, 90th(ms): 19.9, 95th(ms): 24.1, 99th(ms): 35.7, 99.9th(ms): 58.7, Max(ms): 58.7
[Current] PAYMENT - Takes(s): 10.0, Count: 8809, TPM: 52882.0, Sum(ms): 165594.0, Avg(ms): 18.8, 50th(ms): 17.8, 90th(ms): 29.4, 95th(ms): 35.7, 99th(ms): 50.3, 99.9th(ms): 83.9, Max(ms): 125.8
[Current] STOCK_LEVEL - Takes(s): 10.0, Count: 808, TPM: 4853.6, Sum(ms): 40932.0, Avg(ms): 50.7, 50th(ms): 54.5, 90th(ms): 88.1, 95th(ms): 96.5, 99th(ms): 125.8, 99.9th(ms): 142.6, Max(ms): 184.5
[Current] DELIVERY - Takes(s): 10.0, Count: 882, TPM: 5292.1, Sum(ms): 101316.0, Avg(ms): 115.0, 50th(ms): 113.2, 90th(ms): 159.4, 95th(ms): 167.8, 99th(ms): 218.1, 99.9th(ms): 251.7, Max(ms): 251.7
[Current] NEW_ORDER - Takes(s): 10.0, Count: 9375, TPM: 56252.9, Sum(ms): 314507.1, Avg(ms): 33.6, 50th(ms): 32.5, 90th(ms): 50.3, 95th(ms): 56.6, 99th(ms): 71.3, 99.9th(ms): 117.4, Max(ms): 151.0
[Current] ORDER_STATUS - Takes(s): 10.0, Count: 811, TPM: 4869.5, Sum(ms): 9404.2, Avg(ms): 11.6, 50th(ms): 11.0, 90th(ms): 18.9, 95th(ms): 21.0, 99th(ms): 28.3, 99.9th(ms): 60.8, Max(ms): 167.8
[Current] PAYMENT - Takes(s): 10.0, Count: 9152, TPM: 54912.8, Sum(ms): 162657.6, Avg(ms): 17.8, 50th(ms): 16.8, 90th(ms): 27.3, 95th(ms): 31.5, 99th(ms): 44.0, 99.9th(ms): 79.7, Max(ms): 130.0
[Current] STOCK_LEVEL - Takes(s): 10.0, Count: 817, TPM: 4908.1, Sum(ms): 41746.7, Avg(ms): 51.1, 50th(ms): 56.6, 90th(ms): 83.9, 95th(ms): 92.3, 99th(ms): 109.1, 99.9th(ms): 125.8, Max(ms): 130.0
[Current] DELIVERY - Takes(s): 10.0, Count: 795, TPM: 4778.6, Sum(ms): 91435.6, Avg(ms): 115.1, 50th(ms): 113.2, 90th(ms): 159.4, 95th(ms): 184.5, 99th(ms): 234.9, 99.9th(ms): 318.8, Max(ms): 318.8
[Current] NEW_ORDER - Takes(s): 10.0, Count: 9278, TPM: 55698.6, Sum(ms): 315827.4, Avg(ms): 34.1, 50th(ms): 32.5, 90th(ms): 50.3, 95th(ms): 56.6, 99th(ms): 79.7, 99.9th(ms): 113.2, Max(ms): 159.4
[Current] ORDER_STATUS - Takes(s): 10.0, Count: 810, TPM: 4864.4, Sum(ms): 10340.3, Avg(ms): 12.8, 50th(ms): 11.5, 90th(ms): 21.0, 95th(ms): 28.3, 99th(ms): 48.2, 99.9th(ms): 71.3, Max(ms): 79.7
[Current] PAYMENT - Takes(s): 10.0, Count: 9083, TPM: 54535.3, Sum(ms): 167474.3, Avg(ms): 18.4, 50th(ms): 16.8, 90th(ms): 28.3, 95th(ms): 35.7, 99th(ms): 50.3, 99.9th(ms): 83.9, Max(ms): 92.3
[Current] STOCK_LEVEL - Takes(s): 10.0, Count: 838, TPM: 5031.2, Sum(ms): 44243.8, Avg(ms): 52.8, 50th(ms): 54.5, 90th(ms): 92.3, 95th(ms): 113.2, 99th(ms): 167.8, 99.9th(ms): 184.5, Max(ms): 184.5
[Current] DELIVERY - Takes(s): 10.0, Count: 614, TPM: 3695.8, Sum(ms): 66147.6, Avg(ms): 107.7, 50th(ms): 104.9, 90th(ms): 151.0, 95th(ms): 176.2, 99th(ms): 260.0, 99.9th(ms): 436.2, Max(ms): 436.2
[Current] NEW_ORDER - Takes(s): 10.0, Count: 6647, TPM: 39882.8, Sum(ms): 299114.6, Avg(ms): 45.0, 50th(ms): 41.9, 90th(ms): 71.3, 95th(ms): 83.9, 99th(ms): 142.6, 99.9th(ms): 369.1, Max(ms): 453.0
[Current] ORDER_STATUS - Takes(s): 10.0, Count: 584, TPM: 3507.2, Sum(ms): 12751.2, Avg(ms): 21.8, 50th(ms): 14.2, 90th(ms): 46.1, 95th(ms): 60.8, 99th(ms): 100.7, 99.9th(ms): 318.8, Max(ms): 369.1
[Current] PAYMENT - Takes(s): 10.0, Count: 6298, TPM: 37791.7, Sum(ms): 191209.4, Avg(ms): 30.4, 50th(ms): 26.2, 90th(ms): 54.5, 95th(ms): 67.1, 99th(ms): 100.7, 99.9th(ms): 243.3, Max(ms): 369.1
[Current] STOCK_LEVEL - Takes(s): 10.0, Count: 638, TPM: 3829.2, Sum(ms): 64246.2, Avg(ms): 100.6, 50th(ms): 71.3, 90th(ms): 234.9, 95th(ms): 285.2, 99th(ms): 453.0, 99.9th(ms): 637.5, Max(ms): 671.1
[Current] DELIVERY - Takes(s): 10.0, Count: 806, TPM: 4849.0, Sum(ms): 92924.9, Avg(ms): 115.3, 50th(ms): 117.4, 90th(ms): 159.4, 95th(ms): 176.2, 99th(ms): 218.1, 99.9th(ms): 285.2, Max(ms): 302.0
[Current] NEW_ORDER - Takes(s): 10.0, Count: 9216, TPM: 55320.0, Sum(ms): 315898.5, Avg(ms): 34.3, 50th(ms): 33.6, 90th(ms): 50.3, 95th(ms): 56.6, 99th(ms): 75.5, 99.9th(ms): 100.7, Max(ms): 151.0
[Current] ORDER_STATUS - Takes(s): 10.0, Count: 822, TPM: 4948.0, Sum(ms): 10117.2, Avg(ms): 12.3, 50th(ms): 11.5, 90th(ms): 21.0, 95th(ms): 24.1, 99th(ms): 37.7, 99.9th(ms): 56.6, Max(ms): 75.5
[Current] PAYMENT - Takes(s): 10.0, Count: 8902, TPM: 53434.2, Sum(ms): 167035.5, Avg(ms): 18.8, 50th(ms): 17.8, 90th(ms): 29.4, 95th(ms): 35.7, 99th(ms): 50.3, 99.9th(ms): 79.7, Max(ms): 96.5
[Current] STOCK_LEVEL - Takes(s): 10.0, Count: 834, TPM: 5008.8, Sum(ms): 42250.2, Avg(ms): 50.7, 50th(ms): 54.5, 90th(ms): 88.1, 95th(ms): 96.5, 99th(ms): 121.6, 99.9th(ms): 142.6, Max(ms): 167.8
[Current] DELIVERY - Takes(s): 10.0, Count: 869, TPM: 5219.4, Sum(ms): 95382.9, Avg(ms): 109.8, 50th(ms): 113.2, 90th(ms): 151.0, 95th(ms): 167.8, 99th(ms): 218.1, 99.9th(ms): 268.4, Max(ms): 369.1
[Current] NEW_ORDER - Takes(s): 10.0, Count: 9410, TPM: 56479.7, Sum(ms): 316395.5, Avg(ms): 33.6, 50th(ms): 32.5, 90th(ms): 50.3, 95th(ms): 56.6, 99th(ms): 71.3, 99.9th(ms): 104.9, Max(ms): 130.0
[Current] ORDER_STATUS - Takes(s): 10.0, Count: 813, TPM: 4888.1, Sum(ms): 9985.0, Avg(ms): 12.3, 50th(ms): 11.0, 90th(ms): 19.9, 95th(ms): 24.1, 99th(ms): 33.6, 99.9th(ms): 67.1, Max(ms): 75.5
[Current] PAYMENT - Takes(s): 10.0, Count: 8848, TPM: 53142.4, Sum(ms): 167145.4, Avg(ms): 18.9, 50th(ms): 17.8, 90th(ms): 29.4, 95th(ms): 35.7, 99th(ms): 52.4, 99.9th(ms): 79.7, Max(ms): 113.2
[Current] STOCK_LEVEL - Takes(s): 10.0, Count: 756, TPM: 4542.5, Sum(ms): 40001.3, Avg(ms): 52.9, 50th(ms): 56.6, 90th(ms): 92.3, 95th(ms): 100.7, 99th(ms): 130.0, 99.9th(ms): 201.3, Max(ms): 201.3
[Current] DELIVERY - Takes(s): 10.0, Count: 835, TPM: 5029.2, Sum(ms): 93176.7, Avg(ms): 111.6, 50th(ms): 109.1, 90th(ms): 159.4, 95th(ms): 176.2, 99th(ms): 218.1, 99.9th(ms): 243.3, Max(ms): 260.0
[Current] NEW_ORDER - Takes(s): 10.0, Count: 9496, TPM: 56976.4, Sum(ms): 315064.3, Avg(ms): 33.2, 50th(ms): 32.5, 90th(ms): 48.2, 95th(ms): 56.6, 99th(ms): 75.5, 99.9th(ms): 109.1, Max(ms): 134.2
[Current] ORDER_STATUS - Takes(s): 10.0, Count: 890, TPM: 5341.5, Sum(ms): 10440.1, Avg(ms): 11.7, 50th(ms): 11.0, 90th(ms): 19.9, 95th(ms): 24.1, 99th(ms): 33.6, 99.9th(ms): 54.5, Max(ms): 58.7
[Current] PAYMENT - Takes(s): 10.0, Count: 9217, TPM: 55302.4, Sum(ms): 167929.7, Avg(ms): 18.2, 50th(ms): 16.8, 90th(ms): 28.3, 95th(ms): 35.7, 99th(ms): 52.4, 99.9th(ms): 88.1, Max(ms): 100.7
[Current] STOCK_LEVEL - Takes(s): 10.0, Count: 840, TPM: 5041.6, Sum(ms): 42129.9, Avg(ms): 50.2, 50th(ms): 54.5, 90th(ms): 83.9, 95th(ms): 92.3, 99th(ms): 113.2, 99.9th(ms): 159.4, Max(ms): 218.1
[Current] DELIVERY - Takes(s): 10.0, Count: 870, TPM: 5233.3, Sum(ms): 98151.8, Avg(ms): 112.9, 50th(ms): 113.2, 90th(ms): 151.0, 95th(ms): 167.8, 99th(ms): 201.3, 99.9th(ms): 226.5, Max(ms): 243.3
[Current] NEW_ORDER - Takes(s): 10.0, Count: 9524, TPM: 57164.3, Sum(ms): 316754.3, Avg(ms): 33.3, 50th(ms): 32.5, 90th(ms): 50.3, 95th(ms): 54.5, 99th(ms): 71.3, 99.9th(ms): 104.9, Max(ms): 184.5
[Current] ORDER_STATUS - Takes(s): 10.0, Count: 845, TPM: 5083.6, Sum(ms): 10218.0, Avg(ms): 12.1, 50th(ms): 11.0, 90th(ms): 19.9, 95th(ms): 26.2, 99th(ms): 39.8, 99.9th(ms): 67.1, Max(ms): 96.5
[Current] PAYMENT - Takes(s): 10.0, Count: 8950, TPM: 53719.9, Sum(ms): 163123.2, Avg(ms): 18.2, 50th(ms): 16.8, 90th(ms): 28.3, 95th(ms): 35.7, 99th(ms): 48.2, 99.9th(ms): 83.9, Max(ms): 109.1
[Current] STOCK_LEVEL - Takes(s): 10.0, Count: 820, TPM: 4930.1, Sum(ms): 40280.2, Avg(ms): 49.2, 50th(ms): 52.4, 90th(ms): 83.9, 95th(ms): 92.3, 99th(ms): 113.2, 99.9th(ms): 134.2, Max(ms): 167.8
[Current] DELIVERY - Takes(s): 10.0, Count: 838, TPM: 5039.3, Sum(ms): 94658.7, Avg(ms): 113.0, 50th(ms): 113.2, 90th(ms): 159.4, 95th(ms): 176.2, 99th(ms): 218.1, 99.9th(ms): 260.0, Max(ms): 260.0
[Current] NEW_ORDER - Takes(s): 10.0, Count: 9680, TPM: 58080.8, Sum(ms): 318887.5, Avg(ms): 33.0, 50th(ms): 32.5, 90th(ms): 48.2, 95th(ms): 54.5, 99th(ms): 71.3, 99.9th(ms): 100.7, Max(ms): 142.6
[Current] ORDER_STATUS - Takes(s): 10.0, Count: 891, TPM: 5352.0, Sum(ms): 10338.9, Avg(ms): 11.6, 50th(ms): 11.0, 90th(ms): 18.9, 95th(ms): 22.0, 99th(ms): 29.4, 99.9th(ms): 41.9, Max(ms): 44.0
[Current] PAYMENT - Takes(s): 10.0, Count: 9265, TPM: 55613.6, Sum(ms): 165029.0, Avg(ms): 17.8, 50th(ms): 16.8, 90th(ms): 27.3, 95th(ms): 32.5, 99th(ms): 46.1, 99.9th(ms): 71.3, Max(ms): 113.2
[Current] STOCK_LEVEL - Takes(s): 10.0, Count: 841, TPM: 5046.1, Sum(ms): 40454.0, Avg(ms): 48.2, 50th(ms): 52.4, 90th(ms): 83.9, 95th(ms): 92.3, 99th(ms): 109.1, 99.9th(ms): 184.5, Max(ms): 226.5
[Current] DELIVERY - Takes(s): 10.0, Count: 848, TPM: 5091.7, Sum(ms): 95335.1, Avg(ms): 112.6, 50th(ms): 113.2, 90th(ms): 151.0, 95th(ms): 176.2, 99th(ms): 209.7, 99.9th(ms): 285.2, Max(ms): 302.0
[Current] NEW_ORDER - Takes(s): 10.0, Count: 9367, TPM: 56210.6, Sum(ms): 312180.5, Avg(ms): 33.3, 50th(ms): 32.5, 90th(ms): 48.2, 95th(ms): 54.5, 99th(ms): 71.3, 99.9th(ms): 113.2, Max(ms): 159.4
[Current] ORDER_STATUS - Takes(s): 10.0, Count: 851, TPM: 5106.1, Sum(ms): 10363.7, Avg(ms): 12.2, 50th(ms): 11.0, 90th(ms): 19.9, 95th(ms): 25.2, 99th(ms): 37.7, 99.9th(ms): 71.3, Max(ms): 75.5
[Current] PAYMENT - Takes(s): 10.0, Count: 8996, TPM: 53989.5, Sum(ms): 164811.8, Avg(ms): 18.3, 50th(ms): 16.8, 90th(ms): 28.3, 95th(ms): 35.7, 99th(ms): 48.2, 99.9th(ms): 71.3, Max(ms): 125.8
[Current] STOCK_LEVEL - Takes(s): 10.0, Count: 890, TPM: 5343.1, Sum(ms): 46528.1, Avg(ms): 52.3, 50th(ms): 54.5, 90th(ms): 88.1, 95th(ms): 100.7, 99th(ms): 184.5, 99.9th(ms): 251.7, Max(ms): 251.7
[Current] DELIVERY - Takes(s): 10.0, Count: 772, TPM: 4632.9, Sum(ms): 91148.4, Avg(ms): 118.2, 50th(ms): 113.2, 90th(ms): 167.8, 95th(ms): 192.9, 99th(ms): 268.4, 99.9th(ms): 436.2, Max(ms): 469.8
[Current] NEW_ORDER - Takes(s): 10.0, Count: 8277, TPM: 49663.0, Sum(ms): 305832.1, Avg(ms): 37.0, 50th(ms): 33.6, 90th(ms): 56.6, 95th(ms): 71.3, 99th(ms): 117.4, 99.9th(ms): 251.7, Max(ms): 352.3
[Current] ORDER_STATUS - Takes(s): 9.9, Count: 706, TPM: 4266.3, Sum(ms): 11204.9, Avg(ms): 15.9, 50th(ms): 11.5, 90th(ms): 27.3, 95th(ms): 41.9, 99th(ms): 96.5, 99.9th(ms): 134.2, Max(ms): 159.4
[Current] PAYMENT - Takes(s): 10.0, Count: 8019, TPM: 48122.8, Sum(ms): 170148.3, Avg(ms): 21.2, 50th(ms): 17.8, 90th(ms): 35.7, 95th(ms): 46.1, 99th(ms): 79.7, 99.9th(ms): 151.0, Max(ms): 260.0
[Current] STOCK_LEVEL - Takes(s): 10.0, Count: 787, TPM: 4728.5, Sum(ms): 50824.5, Avg(ms): 64.6, 50th(ms): 56.6, 90th(ms): 104.9, 95th(ms): 192.9, 99th(ms): 352.3, 99.9th(ms): 570.4, Max(ms): 604.0
[Current] DELIVERY - Takes(s): 10.0, Count: 746, TPM: 4489.3, Sum(ms): 78778.0, Avg(ms): 105.6, 50th(ms): 104.9, 90th(ms): 151.0, 95th(ms): 159.4, 99th(ms): 201.3, 99.9th(ms): 285.2, Max(ms): 302.0
[Current] NEW_ORDER - Takes(s): 10.0, Count: 8725, TPM: 52361.0, Sum(ms): 313247.7, Avg(ms): 35.9, 50th(ms): 33.6, 90th(ms): 54.5, 95th(ms): 65.0, 99th(ms): 92.3, 99.9th(ms): 159.4, Max(ms): 184.5
[Current] ORDER_STATUS - Takes(s): 10.0, Count: 788, TPM: 4733.2, Sum(ms): 11609.0, Avg(ms): 14.7, 50th(ms): 11.5, 90th(ms): 28.3, 95th(ms): 39.8, 99th(ms): 67.1, 99.9th(ms): 83.9, Max(ms): 104.9
[Current] PAYMENT - Takes(s): 10.0, Count: 8242, TPM: 49463.4, Sum(ms): 178932.3, Avg(ms): 21.7, 50th(ms): 18.9, 90th(ms): 37.7, 95th(ms): 46.1, 99th(ms): 71.3, 99.9th(ms): 134.2, Max(ms): 184.5
[Current] STOCK_LEVEL - Takes(s): 10.0, Count: 780, TPM: 4686.8, Sum(ms): 49706.1, Avg(ms): 63.7, 50th(ms): 52.4, 90th(ms): 151.0, 95th(ms): 218.1, 99th(ms): 302.0, 99.9th(ms): 352.3, Max(ms): 436.2
[Current] DELIVERY - Takes(s): 10.0, Count: 894, TPM: 5382.7, Sum(ms): 97777.5, Avg(ms): 109.3, 50th(ms): 109.1, 90th(ms): 151.0, 95th(ms): 167.8, 99th(ms): 226.5, 99.9th(ms): 268.4, Max(ms): 285.2
[Current] NEW_ORDER - Takes(s): 10.0, Count: 9651, TPM: 57908.8, Sum(ms): 311465.8, Avg(ms): 32.3, 50th(ms): 31.5, 90th(ms): 48.2, 95th(ms): 54.5, 99th(ms): 71.3, 99.9th(ms): 100.7, Max(ms): 167.8
[Current] ORDER_STATUS - Takes(s): 10.0, Count: 876, TPM: 5256.2, Sum(ms): 10661.4, Avg(ms): 12.2, 50th(ms): 11.0, 90th(ms): 19.9, 95th(ms): 24.1, 99th(ms): 41.9, 99.9th(ms): 100.7, Max(ms): 109.1
[Current] PAYMENT - Takes(s): 10.0, Count: 9344, TPM: 56073.4, Sum(ms): 166193.2, Avg(ms): 17.8, 50th(ms): 16.3, 90th(ms): 27.3, 95th(ms): 32.5, 99th(ms): 48.2, 99.9th(ms): 79.7, Max(ms): 113.2
[Current] STOCK_LEVEL - Takes(s): 10.0, Count: 864, TPM: 5190.6, Sum(ms): 42620.0, Avg(ms): 49.3, 50th(ms): 54.5, 90th(ms): 83.9, 95th(ms): 92.3, 99th(ms): 109.1, 99.9th(ms): 121.6, Max(ms): 159.4
[Current] DELIVERY - Takes(s): 10.0, Count: 852, TPM: 5117.6, Sum(ms): 92404.2, Avg(ms): 108.5, 50th(ms): 109.1, 90th(ms): 151.0, 95th(ms): 167.8, 99th(ms): 209.7, 99.9th(ms): 226.5, Max(ms): 234.9
[Current] NEW_ORDER - Takes(s): 10.0, Count: 9707, TPM: 58247.0, Sum(ms): 317135.3, Avg(ms): 32.7, 50th(ms): 32.5, 90th(ms): 48.2, 95th(ms): 54.5, 99th(ms): 71.3, 99.9th(ms): 100.7, Max(ms): 151.0
[Current] ORDER_STATUS - Takes(s): 10.0, Count: 874, TPM: 5253.8, Sum(ms): 10264.1, Avg(ms): 11.8, 50th(ms): 11.0, 90th(ms): 18.9, 95th(ms): 23.1, 99th(ms): 32.5, 99.9th(ms): 50.3, Max(ms): 54.5
[Current] PAYMENT - Takes(s): 10.0, Count: 9207, TPM: 55260.4, Sum(ms): 166880.5, Avg(ms): 18.1, 50th(ms): 16.8, 90th(ms): 28.3, 95th(ms): 33.6, 99th(ms): 50.3, 99.9th(ms): 83.9, Max(ms): 109.1
[Current] STOCK_LEVEL - Takes(s): 10.0, Count: 862, TPM: 5172.5, Sum(ms): 42320.8, Avg(ms): 49.1, 50th(ms): 54.5, 90th(ms): 83.9, 95th(ms): 92.3, 99th(ms): 109.1, 99.9th(ms): 130.0, Max(ms): 142.6
[Current] DELIVERY - Takes(s): 10.0, Count: 844, TPM: 5070.5, Sum(ms): 91703.9, Avg(ms): 108.6, 50th(ms): 109.1, 90th(ms): 151.0, 95th(ms): 167.8, 99th(ms): 226.5, 99.9th(ms): 268.4, Max(ms): 302.0
[Current] NEW_ORDER - Takes(s): 10.0, Count: 9667, TPM: 58004.1, Sum(ms): 318625.8, Avg(ms): 33.0, 50th(ms): 32.5, 90th(ms): 48.2, 95th(ms): 54.5, 99th(ms): 71.3, 99.9th(ms): 100.7, Max(ms): 142.6
[Current] ORDER_STATUS - Takes(s): 10.0, Count: 829, TPM: 4975.4, Sum(ms): 9961.0, Avg(ms): 12.0, 50th(ms): 11.5, 90th(ms): 21.0, 95th(ms): 24.1, 99th(ms): 33.6, 99.9th(ms): 54.5, Max(ms): 58.7
[Current] PAYMENT - Takes(s): 10.0, Count: 9261, TPM: 55567.7, Sum(ms): 165303.2, Avg(ms): 17.9, 50th(ms): 16.8, 90th(ms): 27.3, 95th(ms): 32.5, 99th(ms): 46.1, 99.9th(ms): 71.3, Max(ms): 96.5
[Current] STOCK_LEVEL - Takes(s): 10.0, Count: 845, TPM: 5071.1, Sum(ms): 43372.9, Avg(ms): 51.4, 50th(ms): 54.5, 90th(ms): 88.1, 95th(ms): 100.7, 99th(ms): 121.6, 99.9th(ms): 142.6, Max(ms): 167.8
[Current] DELIVERY - Takes(s): 10.0, Count: 859, TPM: 5157.1, Sum(ms): 95107.0, Avg(ms): 110.8, 50th(ms): 113.2, 90th(ms): 151.0, 95th(ms): 176.2, 99th(ms): 209.7, 99.9th(ms): 251.7, Max(ms): 260.0
[Current] NEW_ORDER - Takes(s): 10.0, Count: 9874, TPM: 59245.3, Sum(ms): 319119.6, Avg(ms): 32.3, 50th(ms): 31.5, 90th(ms): 48.2, 95th(ms): 54.5, 99th(ms): 71.3, 99.9th(ms): 100.7, Max(ms): 117.4
[Current] ORDER_STATUS - Takes(s): 10.0, Count: 857, TPM: 5151.8, Sum(ms): 10540.5, Avg(ms): 12.3, 50th(ms): 11.0, 90th(ms): 19.9, 95th(ms): 25.2, 99th(ms): 35.7, 99.9th(ms): 100.7, Max(ms): 130.0
[Current] PAYMENT - Takes(s): 10.0, Count: 9121, TPM: 54735.5, Sum(ms): 162241.7, Avg(ms): 17.8, 50th(ms): 16.3, 90th(ms): 27.3, 95th(ms): 33.6, 99th(ms): 48.2, 99.9th(ms): 71.3, Max(ms): 88.1
[Current] STOCK_LEVEL - Takes(s): 10.0, Count: 813, TPM: 4883.2, Sum(ms): 41804.6, Avg(ms): 51.4, 50th(ms): 54.5, 90th(ms): 88.1, 95th(ms): 100.7, 99th(ms): 125.8, 99.9th(ms): 167.8, Max(ms): 167.8
[Current] DELIVERY - Takes(s): 10.0, Count: 801, TPM: 4812.3, Sum(ms): 87352.8, Avg(ms): 109.2, 50th(ms): 109.1, 90th(ms): 159.4, 95th(ms): 176.2, 99th(ms): 209.7, 99.9th(ms): 260.0, Max(ms): 268.4
[Current] NEW_ORDER - Takes(s): 10.0, Count: 9414, TPM: 56488.8, Sum(ms): 317500.2, Avg(ms): 33.7, 50th(ms): 32.5, 90th(ms): 50.3, 95th(ms): 58.7, 99th(ms): 79.7, 99.9th(ms): 113.2, Max(ms): 167.8
[Current] ORDER_STATUS - Takes(s): 10.0, Count: 843, TPM: 5059.0, Sum(ms): 11033.3, Avg(ms): 13.1, 50th(ms): 12.1, 90th(ms): 22.0, 95th(ms): 28.3, 99th(ms): 46.1, 99.9th(ms): 75.5, Max(ms): 79.7
[Current] PAYMENT - Takes(s): 10.0, Count: 9041, TPM: 54250.4, Sum(ms): 167715.4, Avg(ms): 18.6, 50th(ms): 16.8, 90th(ms): 29.4, 95th(ms): 37.7, 99th(ms): 54.5, 99.9th(ms): 83.9, Max(ms): 104.9
[Current] STOCK_LEVEL - Takes(s): 10.0, Count: 893, TPM: 5372.9, Sum(ms): 45344.3, Avg(ms): 50.8, 50th(ms): 52.4, 90th(ms): 92.3, 95th(ms): 109.1, 99th(ms): 142.6, 99.9th(ms): 167.8, Max(ms): 167.8
[Current] DELIVERY - Takes(s): 10.0, Count: 674, TPM: 4044.1, Sum(ms): 77592.7, Avg(ms): 115.0, 50th(ms): 109.1, 90th(ms): 159.4, 95th(ms): 184.5, 99th(ms): 318.8, 99.9th(ms): 503.3, Max(ms): 520.1
[Current] NEW_ORDER - Takes(s): 10.0, Count: 7270, TPM: 43621.7, Sum(ms): 300190.8, Avg(ms): 41.3, 50th(ms): 35.7, 90th(ms): 62.9, 95th(ms): 79.7, 99th(ms): 201.3, 99.9th(ms): 419.4, Max(ms): 453.0
[Current] ORDER_STATUS - Takes(s): 10.0, Count: 632, TPM: 3794.2, Sum(ms): 12078.1, Avg(ms): 19.1, 50th(ms): 13.1, 90th(ms): 41.9, 95th(ms): 52.4, 99th(ms): 83.9, 99.9th(ms): 226.5, Max(ms): 369.1
[Current] PAYMENT - Takes(s): 10.0, Count: 7026, TPM: 42157.5, Sum(ms): 180472.4, Avg(ms): 25.7, 50th(ms): 19.9, 90th(ms): 41.9, 95th(ms): 56.6, 99th(ms): 125.8, 99.9th(ms): 385.9, Max(ms): 419.4
[Current] STOCK_LEVEL - Takes(s): 10.0, Count: 668, TPM: 4012.1, Sum(ms): 61102.9, Avg(ms): 91.6, 50th(ms): 65.0, 90th(ms): 201.3, 95th(ms): 268.4, 99th(ms): 637.5, 99.9th(ms): 704.6, Max(ms): 771.8
[Current] DELIVERY - Takes(s): 9.9, Count: 808, TPM: 4878.5, Sum(ms): 89671.3, Avg(ms): 111.0, 50th(ms): 109.1, 90th(ms): 151.0, 95th(ms): 176.2, 99th(ms): 218.1, 99.9th(ms): 285.2, Max(ms): 335.5
[Current] NEW_ORDER - Takes(s): 10.0, Count: 9188, TPM: 55384.7, Sum(ms): 316804.3, Avg(ms): 34.5, 50th(ms): 32.5, 90th(ms): 52.4, 95th(ms): 62.9, 99th(ms): 88.1, 99.9th(ms): 130.0, Max(ms): 176.2
[Current] ORDER_STATUS - Takes(s): 9.9, Count: 807, TPM: 4893.1, Sum(ms): 10887.8, Avg(ms): 13.5, 50th(ms): 12.1, 90th(ms): 22.0, 95th(ms): 31.5, 99th(ms): 65.0, 99.9th(ms): 83.9, Max(ms): 83.9
[Current] PAYMENT - Takes(s): 10.0, Count: 8561, TPM: 51604.7, Sum(ms): 169001.4, Avg(ms): 19.7, 50th(ms): 17.8, 90th(ms): 31.5, 95th(ms): 41.9, 99th(ms): 71.3, 99.9th(ms): 104.9, Max(ms): 130.0
[Current] STOCK_LEVEL - Takes(s): 9.9, Count: 789, TPM: 4758.7, Sum(ms): 43996.7, Avg(ms): 55.8, 50th(ms): 52.4, 90th(ms): 92.3, 95th(ms): 121.6, 99th(ms): 243.3, 99.9th(ms): 335.5, Max(ms): 436.2
[Current] DELIVERY - Takes(s): 10.0, Count: 726, TPM: 4363.5, Sum(ms): 82632.7, Avg(ms): 113.8, 50th(ms): 109.1, 90th(ms): 159.4, 95th(ms): 192.9, 99th(ms): 268.4, 99.9th(ms): 369.1, Max(ms): 385.9
[Current] NEW_ORDER - Takes(s): 10.0, Count: 8107, TPM: 48651.6, Sum(ms): 306946.0, Avg(ms): 37.9, 50th(ms): 33.6, 90th(ms): 60.8, 95th(ms): 79.7, 99th(ms): 117.4, 99.9th(ms): 260.0, Max(ms): 302.0
[Current] ORDER_STATUS - Takes(s): 10.0, Count: 741, TPM: 4446.3, Sum(ms): 12497.5, Avg(ms): 16.9, 50th(ms): 13.1, 90th(ms): 32.5, 95th(ms): 48.2, 99th(ms): 79.7, 99.9th(ms): 167.8, Max(ms): 184.5
[Current] PAYMENT - Takes(s): 10.0, Count: 7762, TPM: 46579.3, Sum(ms): 178909.6, Avg(ms): 23.1, 50th(ms): 18.9, 90th(ms): 39.8, 95th(ms): 56.6, 99th(ms): 92.3, 99.9th(ms): 285.2, Max(ms): 335.5
[Current] STOCK_LEVEL - Takes(s): 10.0, Count: 717, TPM: 4313.9, Sum(ms): 49066.0, Avg(ms): 68.5, 50th(ms): 60.8, 90th(ms): 134.2, 95th(ms): 184.5, 99th(ms): 335.5, 99.9th(ms): 486.5, Max(ms): 486.5
[Current] DELIVERY - Takes(s): 10.0, Count: 764, TPM: 4590.4, Sum(ms): 80216.6, Avg(ms): 105.1, 50th(ms): 104.9, 90th(ms): 151.0, 95th(ms): 167.8, 99th(ms): 209.7, 99.9th(ms): 234.9, Max(ms): 251.7
[Current] NEW_ORDER - Takes(s): 10.0, Count: 8737, TPM: 52438.6, Sum(ms): 309964.9, Avg(ms): 35.5, 50th(ms): 33.6, 90th(ms): 56.6, 95th(ms): 67.1, 99th(ms): 92.3, 99.9th(ms): 121.6, Max(ms): 176.2
[Current] ORDER_STATUS - Takes(s): 10.0, Count: 782, TPM: 4693.6, Sum(ms): 12572.0, Avg(ms): 16.1, 50th(ms): 12.6, 90th(ms): 35.7, 95th(ms): 46.1, 99th(ms): 71.3, 99.9th(ms): 100.7, Max(ms): 113.2
[Current] PAYMENT - Takes(s): 10.0, Count: 8293, TPM: 49825.6, Sum(ms): 179717.2, Avg(ms): 21.7, 50th(ms): 18.9, 90th(ms): 37.7, 95th(ms): 46.1, 99th(ms): 71.3, 99.9th(ms): 109.1, Max(ms): 125.8
[Current] STOCK_LEVEL - Takes(s): 10.0, Count: 745, TPM: 4469.9, Sum(ms): 48705.8, Avg(ms): 65.4, 50th(ms): 56.6, 90th(ms): 125.8, 95th(ms): 201.3, 99th(ms): 302.0, 99.9th(ms): 385.9, Max(ms): 402.7
[Current] DELIVERY - Takes(s): 10.0, Count: 846, TPM: 5076.4, Sum(ms): 92415.9, Avg(ms): 109.3, 50th(ms): 109.1, 90th(ms): 159.4, 95th(ms): 167.8, 99th(ms): 218.1, 99.9th(ms): 243.3, Max(ms): 251.7
[Current] NEW_ORDER - Takes(s): 10.0, Count: 9901, TPM: 59415.4, Sum(ms): 319843.1, Avg(ms): 32.3, 50th(ms): 31.5, 90th(ms): 48.2, 95th(ms): 54.5, 99th(ms): 71.3, 99.9th(ms): 104.9, Max(ms): 142.6
[Current] ORDER_STATUS - Takes(s): 10.0, Count: 862, TPM: 5173.7, Sum(ms): 10299.1, Avg(ms): 11.9, 50th(ms): 11.5, 90th(ms): 19.9, 95th(ms): 23.1, 99th(ms): 41.9, 99.9th(ms): 56.6, Max(ms): 71.3
[Current] PAYMENT - Takes(s): 10.0, Count: 9248, TPM: 55492.0, Sum(ms): 164850.5, Avg(ms): 17.8, 50th(ms): 16.3, 90th(ms): 27.3, 95th(ms): 32.5, 99th(ms): 48.2, 99.9th(ms): 75.5, Max(ms): 104.9
[Current] STOCK_LEVEL - Takes(s): 10.0, Count: 839, TPM: 5035.2, Sum(ms): 42109.7, Avg(ms): 50.2, 50th(ms): 54.5, 90th(ms): 83.9, 95th(ms): 92.3, 99th(ms): 117.4, 99.9th(ms): 151.0, Max(ms): 151.0
[Current] DELIVERY - Takes(s): 10.0, Count: 836, TPM: 5016.4, Sum(ms): 93242.0, Avg(ms): 111.6, 50th(ms): 109.1, 90th(ms): 159.4, 95th(ms): 176.2, 99th(ms): 234.9, 99.9th(ms): 260.0, Max(ms): 285.2
[Current] NEW_ORDER - Takes(s): 10.0, Count: 9631, TPM: 57789.7, Sum(ms): 316158.2, Avg(ms): 32.8, 50th(ms): 31.5, 90th(ms): 48.2, 95th(ms): 56.6, 99th(ms): 75.5, 99.9th(ms): 117.4, Max(ms): 159.4
[Current] ORDER_STATUS - Takes(s): 10.0, Count: 849, TPM: 5105.0, Sum(ms): 10701.4, Avg(ms): 12.6, 50th(ms): 11.5, 90th(ms): 21.0, 95th(ms): 25.2, 99th(ms): 39.8, 99.9th(ms): 83.9, Max(ms): 88.1
[Current] PAYMENT - Takes(s): 10.0, Count: 9314, TPM: 55887.7, Sum(ms): 165891.8, Avg(ms): 17.8, 50th(ms): 16.3, 90th(ms): 28.3, 95th(ms): 33.6, 99th(ms): 52.4, 99.9th(ms): 79.7, Max(ms): 117.4
[Current] STOCK_LEVEL - Takes(s): 10.0, Count: 808, TPM: 4849.4, Sum(ms): 43243.3, Avg(ms): 53.5, 50th(ms): 56.6, 90th(ms): 88.1, 95th(ms): 100.7, 99th(ms): 142.6, 99.9th(ms): 201.3, Max(ms): 218.1
[Current] DELIVERY - Takes(s): 10.0, Count: 801, TPM: 4810.2, Sum(ms): 93618.2, Avg(ms): 116.9, 50th(ms): 113.2, 90th(ms): 159.4, 95th(ms): 176.2, 99th(ms): 226.5, 99.9th(ms): 268.4, Max(ms): 285.2
[Current] NEW_ORDER - Takes(s): 10.0, Count: 9238, TPM: 55428.9, Sum(ms): 314701.8, Avg(ms): 34.1, 50th(ms): 33.6, 90th(ms): 50.3, 95th(ms): 56.6, 99th(ms): 71.3, 99.9th(ms): 104.9, Max(ms): 151.0
[Current] ORDER_STATUS - Takes(s): 10.0, Count: 825, TPM: 4956.3, Sum(ms): 10839.1, Avg(ms): 13.1, 50th(ms): 12.1, 90th(ms): 21.0, 95th(ms): 26.2, 99th(ms): 37.7, 99.9th(ms): 100.7, Max(ms): 100.7
[Current] PAYMENT - Takes(s): 10.0, Count: 9108, TPM: 54676.4, Sum(ms): 165534.5, Avg(ms): 18.2, 50th(ms): 16.8, 90th(ms): 28.3, 95th(ms): 33.6, 99th(ms): 48.2, 99.9th(ms): 79.7, Max(ms): 100.7
[Current] STOCK_LEVEL - Takes(s): 10.0, Count: 854, TPM: 5134.0, Sum(ms): 43775.0, Avg(ms): 51.3, 50th(ms): 56.6, 90th(ms): 88.1, 95th(ms): 96.5, 99th(ms): 113.2, 99.9th(ms): 125.8, Max(ms): 134.2
[Current] DELIVERY - Takes(s): 10.0, Count: 837, TPM: 5036.4, Sum(ms): 97454.5, Avg(ms): 116.5, 50th(ms): 117.4, 90th(ms): 159.4, 95th(ms): 184.5, 99th(ms): 226.5, 99.9th(ms): 302.0, Max(ms): 335.5
[Current] NEW_ORDER - Takes(s): 10.0, Count: 9502, TPM: 57021.3, Sum(ms): 311177.3, Avg(ms): 32.8, 50th(ms): 32.5, 90th(ms): 48.2, 95th(ms): 54.5, 99th(ms): 71.3, 99.9th(ms): 92.3, Max(ms): 159.4
[Current] ORDER_STATUS - Takes(s): 10.0, Count: 854, TPM: 5126.2, Sum(ms): 10541.7, Avg(ms): 12.3, 50th(ms): 12.1, 90th(ms): 19.9, 95th(ms): 22.0, 99th(ms): 31.5, 99.9th(ms): 67.1, Max(ms): 71.3
[Current] PAYMENT - Takes(s): 10.0, Count: 9370, TPM: 56228.9, Sum(ms): 166029.1, Avg(ms): 17.7, 50th(ms): 16.3, 90th(ms): 27.3, 95th(ms): 33.6, 99th(ms): 48.2, 99.9th(ms): 75.5, Max(ms): 109.1
[Current] STOCK_LEVEL - Takes(s): 10.0, Count: 894, TPM: 5375.2, Sum(ms): 44142.8, Avg(ms): 49.4, 50th(ms): 54.5, 90th(ms): 83.9, 95th(ms): 88.1, 99th(ms): 109.1, 99.9th(ms): 159.4, Max(ms): 184.5
[Current] DELIVERY - Takes(s): 9.9, Count: 826, TPM: 4982.0, Sum(ms): 89815.1, Avg(ms): 108.8, 50th(ms): 109.1, 90th(ms): 151.0, 95th(ms): 167.8, 99th(ms): 243.3, 99.9th(ms): 260.0, Max(ms): 318.8
[Current] NEW_ORDER - Takes(s): 10.0, Count: 9493, TPM: 56971.2, Sum(ms): 314647.8, Avg(ms): 33.2, 50th(ms): 32.5, 90th(ms): 50.3, 95th(ms): 56.6, 99th(ms): 79.7, 99.9th(ms): 109.1, Max(ms): 134.2
[Current] ORDER_STATUS - Takes(s): 10.0, Count: 796, TPM: 4781.2, Sum(ms): 10599.1, Avg(ms): 13.3, 50th(ms): 12.1, 90th(ms): 21.0, 95th(ms): 26.2, 99th(ms): 48.2, 99.9th(ms): 92.3, Max(ms): 109.1
[Current] PAYMENT - Takes(s): 10.0, Count: 9057, TPM: 54354.3, Sum(ms): 167226.5, Avg(ms): 18.5, 50th(ms): 16.8, 90th(ms): 29.4, 95th(ms): 35.7, 99th(ms): 52.4, 99.9th(ms): 83.9, Max(ms): 121.6
[Current] STOCK_LEVEL - Takes(s): 10.0, Count: 903, TPM: 5424.1, Sum(ms): 46379.0, Avg(ms): 51.4, 50th(ms): 52.4, 90th(ms): 92.3, 95th(ms): 100.7, 99th(ms): 134.2, 99.9th(ms): 184.5, Max(ms): 192.9
[Current] DELIVERY - Takes(s): 10.0, Count: 882, TPM: 5294.2, Sum(ms): 97016.7, Avg(ms): 110.0, 50th(ms): 109.1, 90th(ms): 151.0, 95th(ms): 167.8, 99th(ms): 218.1, 99.9th(ms): 243.3, Max(ms): 260.0
[Current] NEW_ORDER - Takes(s): 10.0, Count: 9658, TPM: 57960.7, Sum(ms): 315489.3, Avg(ms): 32.7, 50th(ms): 31.5, 90th(ms): 48.2, 95th(ms): 54.5, 99th(ms): 75.5, 99.9th(ms): 104.9, Max(ms): 151.0
[Current] ORDER_STATUS - Takes(s): 10.0, Count: 841, TPM: 5046.7, Sum(ms): 11208.9, Avg(ms): 13.3, 50th(ms): 12.1, 90th(ms): 22.0, 95th(ms): 28.3, 99th(ms): 56.6, 99.9th(ms): 75.5, Max(ms): 75.5
[Current] PAYMENT - Takes(s): 10.0, Count: 9193, TPM: 55179.2, Sum(ms): 163276.8, Avg(ms): 17.8, 50th(ms): 16.3, 90th(ms): 27.3, 95th(ms): 32.5, 99th(ms): 46.1, 99.9th(ms): 75.5, Max(ms): 92.3
[Current] STOCK_LEVEL - Takes(s): 10.0, Count: 862, TPM: 5190.6, Sum(ms): 42362.5, Avg(ms): 49.2, 50th(ms): 54.5, 90th(ms): 83.9, 95th(ms): 92.3, 99th(ms): 109.1, 99.9th(ms): 134.2, Max(ms): 142.6
[Current] DELIVERY - Takes(s): 10.0, Count: 893, TPM: 5358.9, Sum(ms): 97964.6, Avg(ms): 109.7, 50th(ms): 109.1, 90th(ms): 151.0, 95th(ms): 167.8, 99th(ms): 218.1, 99.9th(ms): 243.3, Max(ms): 251.7
[Current] NEW_ORDER - Takes(s): 10.0, Count: 9703, TPM: 58212.7, Sum(ms): 315133.2, Avg(ms): 32.5, 50th(ms): 31.5, 90th(ms): 48.2, 95th(ms): 52.4, 99th(ms): 71.3, 99.9th(ms): 104.9, Max(ms): 142.6
[Current] ORDER_STATUS - Takes(s): 10.0, Count: 816, TPM: 4900.2, Sum(ms): 10245.5, Avg(ms): 12.6, 50th(ms): 12.1, 90th(ms): 19.9, 95th(ms): 24.1, 99th(ms): 39.8, 99.9th(ms): 48.2, Max(ms): 96.5
[Current] PAYMENT - Takes(s): 10.0, Count: 9297, TPM: 55776.2, Sum(ms): 165379.0, Avg(ms): 17.8, 50th(ms): 16.3, 90th(ms): 27.3, 95th(ms): 33.6, 99th(ms): 48.2, 99.9th(ms): 79.7, Max(ms): 96.5
[Current] STOCK_LEVEL - Takes(s): 10.0, Count: 834, TPM: 5006.7, Sum(ms): 39506.5, Avg(ms): 47.3, 50th(ms): 50.3, 90th(ms): 83.9, 95th(ms): 92.3, 99th(ms): 117.4, 99.9th(ms): 151.0, Max(ms): 159.4
[Current] DELIVERY - Takes(s): 10.0, Count: 892, TPM: 5357.6, Sum(ms): 99978.5, Avg(ms): 112.2, 50th(ms): 109.1, 90th(ms): 159.4, 95th(ms): 176.2, 99th(ms): 218.1, 99.9th(ms): 268.4, Max(ms): 285.2
[Current] NEW_ORDER - Takes(s): 10.0, Count: 9479, TPM: 56886.1, Sum(ms): 313714.0, Avg(ms): 33.1, 50th(ms): 32.5, 90th(ms): 50.3, 95th(ms): 56.6, 99th(ms): 75.5, 99.9th(ms): 121.6, Max(ms): 167.8
[Current] ORDER_STATUS - Takes(s): 10.0, Count: 840, TPM: 5046.0, Sum(ms): 10406.5, Avg(ms): 12.4, 50th(ms): 11.5, 90th(ms): 21.0, 95th(ms): 24.1, 99th(ms): 33.6, 99.9th(ms): 48.2, Max(ms): 58.7
[Current] PAYMENT - Takes(s): 10.0, Count: 9114, TPM: 54695.6, Sum(ms): 163210.8, Avg(ms): 17.9, 50th(ms): 16.3, 90th(ms): 27.3, 95th(ms): 33.6, 99th(ms): 50.3, 99.9th(ms): 83.9, Max(ms): 134.2
[Current] STOCK_LEVEL - Takes(s): 10.0, Count: 877, TPM: 5263.4, Sum(ms): 42571.0, Avg(ms): 48.6, 50th(ms): 52.4, 90th(ms): 83.9, 95th(ms): 92.3, 99th(ms): 113.2, 99.9th(ms): 142.6, Max(ms): 167.8
[Current] DELIVERY - Takes(s): 10.0, Count: 859, TPM: 5156.4, Sum(ms): 95507.4, Avg(ms): 111.2, 50th(ms): 109.1, 90th(ms): 151.0, 95th(ms): 167.8, 99th(ms): 234.9, 99.9th(ms): 302.0, Max(ms): 335.5
[Current] NEW_ORDER - Takes(s): 10.0, Count: 9764, TPM: 58586.9, Sum(ms): 317018.6, Avg(ms): 32.5, 50th(ms): 31.5, 90th(ms): 48.2, 95th(ms): 54.5, 99th(ms): 71.3, 99.9th(ms): 100.7, Max(ms): 167.8
[Current] ORDER_STATUS - Takes(s): 10.0, Count: 921, TPM: 5526.6, Sum(ms): 11762.0, Avg(ms): 12.8, 50th(ms): 12.6, 90th(ms): 21.0, 95th(ms): 25.2, 99th(ms): 37.7, 99.9th(ms): 50.3, Max(ms): 75.5
[Current] PAYMENT - Takes(s): 10.0, Count: 9128, TPM: 54770.4, Sum(ms): 160265.1, Avg(ms): 17.6, 50th(ms): 16.3, 90th(ms): 27.3, 95th(ms): 31.5, 99th(ms): 44.0, 99.9th(ms): 67.1, Max(ms): 88.1
[Current] STOCK_LEVEL - Takes(s): 10.0, Count: 872, TPM: 5240.5, Sum(ms): 44137.2, Avg(ms): 50.6, 50th(ms): 54.5, 90th(ms): 88.1, 95th(ms): 96.5, 99th(ms): 113.2, 99.9th(ms): 142.6, Max(ms): 167.8
[Current] DELIVERY - Takes(s): 10.0, Count: 850, TPM: 5114.3, Sum(ms): 94300.8, Avg(ms): 111.0, 50th(ms): 109.1, 90th(ms): 151.0, 95th(ms): 167.8, 99th(ms): 218.1, 99.9th(ms): 285.2, Max(ms): 402.7
[Current] NEW_ORDER - Takes(s): 10.0, Count: 9605, TPM: 57631.7, Sum(ms): 312901.8, Avg(ms): 32.6, 50th(ms): 31.5, 90th(ms): 48.2, 95th(ms): 54.5, 99th(ms): 71.3, 99.9th(ms): 104.9, Max(ms): 151.0
[Current] ORDER_STATUS - Takes(s): 10.0, Count: 925, TPM: 5566.2, Sum(ms): 11766.0, Avg(ms): 12.7, 50th(ms): 12.1, 90th(ms): 21.0, 95th(ms): 25.2, 99th(ms): 33.6, 99.9th(ms): 60.8, Max(ms): 79.7
[Current] PAYMENT - Takes(s): 10.0, Count: 9454, TPM: 56796.1, Sum(ms): 165264.7, Avg(ms): 17.5, 50th(ms): 16.3, 90th(ms): 27.3, 95th(ms): 32.5, 99th(ms): 46.1, 99.9th(ms): 83.9, Max(ms): 134.2
[Current] STOCK_LEVEL - Takes(s): 10.0, Count: 878, TPM: 5276.7, Sum(ms): 44455.7, Avg(ms): 50.7, 50th(ms): 54.5, 90th(ms): 83.9, 95th(ms): 88.1, 99th(ms): 104.9, 99.9th(ms): 151.0, Max(ms): 226.5
[Current] DELIVERY - Takes(s): 10.0, Count: 850, TPM: 5103.4, Sum(ms): 93650.4, Avg(ms): 110.2, 50th(ms): 109.1, 90th(ms): 151.0, 95th(ms): 167.8, 99th(ms): 226.5, 99.9th(ms): 268.4, Max(ms): 285.2
[Current] NEW_ORDER - Takes(s): 10.0, Count: 9715, TPM: 58326.3, Sum(ms): 315842.8, Avg(ms): 32.5, 50th(ms): 31.5, 90th(ms): 48.2, 95th(ms): 54.5, 99th(ms): 75.5, 99.9th(ms): 109.1, Max(ms): 159.4
[Current] ORDER_STATUS - Takes(s): 10.0, Count: 866, TPM: 5205.7, Sum(ms): 10917.8, Avg(ms): 12.6, 50th(ms): 12.1, 90th(ms): 19.9, 95th(ms): 25.2, 99th(ms): 39.8, 99.9th(ms): 54.5, Max(ms): 71.3
[Current] PAYMENT - Takes(s): 10.0, Count: 9338, TPM: 56063.1, Sum(ms): 165814.7, Avg(ms): 17.8, 50th(ms): 16.3, 90th(ms): 27.3, 95th(ms): 33.6, 99th(ms): 48.2, 99.9th(ms): 79.7, Max(ms): 96.5
[Current] STOCK_LEVEL - Takes(s): 10.0, Count: 876, TPM: 5263.9, Sum(ms): 42879.1, Avg(ms): 49.0, 50th(ms): 52.4, 90th(ms): 88.1, 95th(ms): 100.7, 99th(ms): 125.8, 99.9th(ms): 176.2, Max(ms): 184.5
[Current] DELIVERY - Takes(s): 10.0, Count: 806, TPM: 4842.9, Sum(ms): 89218.5, Avg(ms): 110.8, 50th(ms): 109.1, 90th(ms): 159.4, 95th(ms): 184.5, 99th(ms): 226.5, 99.9th(ms): 302.0, Max(ms): 302.0
[Current] NEW_ORDER - Takes(s): 10.0, Count: 8928, TPM: 53573.5, Sum(ms): 314425.3, Avg(ms): 35.2, 50th(ms): 32.5, 90th(ms): 54.5, 95th(ms): 65.0, 99th(ms): 100.7, 99.9th(ms): 167.8, Max(ms): 243.3
[Current] ORDER_STATUS - Takes(s): 10.0, Count: 760, TPM: 4578.0, Sum(ms): 11572.3, Avg(ms): 15.2, 50th(ms): 12.6, 90th(ms): 26.2, 95th(ms): 39.8, 99th(ms): 67.1, 99.9th(ms): 125.8, Max(ms): 151.0
[Current] PAYMENT - Takes(s): 10.0, Count: 8284, TPM: 49716.4, Sum(ms): 164717.8, Avg(ms): 19.9, 50th(ms): 17.8, 90th(ms): 32.5, 95th(ms): 41.9, 99th(ms): 71.3, 99.9th(ms): 125.8, Max(ms): 167.8
[Current] STOCK_LEVEL - Takes(s): 10.0, Count: 774, TPM: 4650.2, Sum(ms): 45421.0, Avg(ms): 58.7, 50th(ms): 54.5, 90th(ms): 100.7, 95th(ms): 159.4, 99th(ms): 251.7, 99.9th(ms): 335.5, Max(ms): 453.0
[Current] DELIVERY - Takes(s): 9.9, Count: 551, TPM: 3333.2, Sum(ms): 60409.0, Avg(ms): 109.7, 50th(ms): 104.9, 90th(ms): 159.4, 95th(ms): 192.9, 99th(ms): 285.2, 99.9th(ms): 419.4, Max(ms): 453.0
[Current] NEW_ORDER - Takes(s): 10.0, Count: 6950, TPM: 41731.6, Sum(ms): 302580.1, Avg(ms): 43.6, 50th(ms): 39.8, 90th(ms): 71.3, 95th(ms): 83.9, 99th(ms): 151.0, 99.9th(ms): 209.7, Max(ms): 335.5
[Current] ORDER_STATUS - Takes(s): 10.0, Count: 663, TPM: 3993.5, Sum(ms): 15415.9, Avg(ms): 23.2, 50th(ms): 14.2, 90th(ms): 54.5, 95th(ms): 67.1, 99th(ms): 142.6, 99.9th(ms): 176.2, Max(ms): 201.3
[Current] PAYMENT - Takes(s): 10.0, Count: 6569, TPM: 39443.6, Sum(ms): 195364.2, Avg(ms): 29.8, 50th(ms): 25.2, 90th(ms): 52.4, 95th(ms): 67.1, 99th(ms): 142.6, 99.9th(ms): 218.1, Max(ms): 268.4
[Current] STOCK_LEVEL - Takes(s): 10.0, Count: 641, TPM: 3849.6, Sum(ms): 64224.7, Avg(ms): 100.0, 50th(ms): 65.0, 90th(ms): 260.0, 95th(ms): 335.5, 99th(ms): 503.3, 99.9th(ms): 570.4, Max(ms): 637.5
[Current] DELIVERY - Takes(s): 10.0, Count: 895, TPM: 5383.4, Sum(ms): 96000.6, Avg(ms): 107.3, 50th(ms): 109.1, 90th(ms): 151.0, 95th(ms): 167.8, 99th(ms): 201.3, 99.9th(ms): 234.9, Max(ms): 335.5
[Current] NEW_ORDER - Takes(s): 10.0, Count: 9683, TPM: 58118.1, Sum(ms): 311792.2, Avg(ms): 32.2, 50th(ms): 31.5, 90th(ms): 48.2, 95th(ms): 54.5, 99th(ms): 71.3, 99.9th(ms): 100.7, Max(ms): 159.4
[Current] ORDER_STATUS - Takes(s): 10.0, Count: 861, TPM: 5176.5, Sum(ms): 11332.7, Avg(ms): 13.2, 50th(ms): 12.1, 90th(ms): 22.0, 95th(ms): 27.3, 99th(ms): 39.8, 99.9th(ms): 71.3, Max(ms): 88.1
[Current] PAYMENT - Takes(s): 10.0, Count: 9346, TPM: 56100.5, Sum(ms): 166469.2, Avg(ms): 17.8, 50th(ms): 16.3, 90th(ms): 28.3, 95th(ms): 33.6, 99th(ms): 48.2, 99.9th(ms): 71.3, Max(ms): 88.1
[Current] STOCK_LEVEL - Takes(s): 10.0, Count: 868, TPM: 5212.9, Sum(ms): 43015.1, Avg(ms): 49.5, 50th(ms): 54.5, 90th(ms): 88.1, 95th(ms): 96.5, 99th(ms): 121.6, 99.9th(ms): 142.6, Max(ms): 159.4
[Current] DELIVERY - Takes(s): 10.0, Count: 855, TPM: 5130.8, Sum(ms): 92789.3, Avg(ms): 108.6, 50th(ms): 109.1, 90th(ms): 151.0, 95th(ms): 167.8, 99th(ms): 226.5, 99.9th(ms): 302.0, Max(ms): 335.5
[Current] NEW_ORDER - Takes(s): 10.0, Count: 9670, TPM: 58028.9, Sum(ms): 315661.2, Avg(ms): 32.7, 50th(ms): 31.5, 90th(ms): 48.2, 95th(ms): 56.6, 99th(ms): 75.5, 99.9th(ms): 109.1, Max(ms): 184.5
[Current] ORDER_STATUS - Takes(s): 10.0, Count: 878, TPM: 5268.1, Sum(ms): 11268.3, Avg(ms): 12.8, 50th(ms): 12.1, 90th(ms): 19.9, 95th(ms): 25.2, 99th(ms): 41.9, 99.9th(ms): 60.8, Max(ms): 71.3
[Current] PAYMENT - Takes(s): 10.0, Count: 9263, TPM: 55604.0, Sum(ms): 167650.7, Avg(ms): 18.1, 50th(ms): 16.8, 90th(ms): 28.3, 95th(ms): 35.7, 99th(ms): 50.3, 99.9th(ms): 71.3, Max(ms): 104.9
[Current] STOCK_LEVEL - Takes(s): 10.0, Count: 873, TPM: 5248.0, Sum(ms): 41239.8, Avg(ms): 47.2, 50th(ms): 50.3, 90th(ms): 83.9, 95th(ms): 92.3, 99th(ms): 109.1, 99.9th(ms): 142.6, Max(ms): 151.0
[Current] DELIVERY - Takes(s): 10.0, Count: 798, TPM: 4796.7, Sum(ms): 87310.1, Avg(ms): 109.5, 50th(ms): 109.1, 90th(ms): 151.0, 95th(ms): 176.2, 99th(ms): 226.5, 99.9th(ms): 268.4, Max(ms): 285.2
[Current] NEW_ORDER - Takes(s): 10.0, Count: 9534, TPM: 57226.8, Sum(ms): 317359.0, Avg(ms): 33.3, 50th(ms): 32.5, 90th(ms): 50.3, 95th(ms): 56.6, 99th(ms): 79.7, 99.9th(ms): 113.2, Max(ms): 176.2
[Current] ORDER_STATUS - Takes(s): 10.0, Count: 819, TPM: 4914.1, Sum(ms): 10908.0, Avg(ms): 13.3, 50th(ms): 12.1, 90th(ms): 22.0, 95th(ms): 28.3, 99th(ms): 46.1, 99.9th(ms): 54.5, Max(ms): 134.2
[Current] PAYMENT - Takes(s): 10.0, Count: 9039, TPM: 54255.4, Sum(ms): 169276.9, Avg(ms): 18.7, 50th(ms): 16.8, 90th(ms): 29.4, 95th(ms): 35.7, 99th(ms): 56.6, 99.9th(ms): 96.5, Max(ms): 151.0
[Current] STOCK_LEVEL - Takes(s): 10.0, Count: 856, TPM: 5141.1, Sum(ms): 43962.3, Avg(ms): 51.4, 50th(ms): 54.5, 90th(ms): 92.3, 95th(ms): 104.9, 99th(ms): 159.4, 99.9th(ms): 209.7, Max(ms): 268.4
[Current] DELIVERY - Takes(s): 10.0, Count: 802, TPM: 4812.6, Sum(ms): 89152.9, Avg(ms): 111.2, 50th(ms): 113.2, 90th(ms): 159.4, 95th(ms): 176.2, 99th(ms): 226.5, 99.9th(ms): 260.0, Max(ms): 268.4
[Current] NEW_ORDER - Takes(s): 10.0, Count: 9633, TPM: 57805.4, Sum(ms): 317941.0, Avg(ms): 33.0, 50th(ms): 32.5, 90th(ms): 48.2, 95th(ms): 54.5, 99th(ms): 71.3, 99.9th(ms): 100.7, Max(ms): 142.6
[Current] ORDER_STATUS - Takes(s): 10.0, Count: 855, TPM: 5130.4, Sum(ms): 11421.3, Avg(ms): 13.4, 50th(ms): 12.1, 90th(ms): 22.0, 95th(ms): 27.3, 99th(ms): 46.1, 99.9th(ms): 75.5, Max(ms): 75.5
[Current] PAYMENT - Takes(s): 10.0, Count: 9018, TPM: 54114.1, Sum(ms): 165155.3, Avg(ms): 18.3, 50th(ms): 16.8, 90th(ms): 28.3, 95th(ms): 35.7, 99th(ms): 48.2, 99.9th(ms): 71.3, Max(ms): 92.3
[Current] STOCK_LEVEL - Takes(s): 10.0, Count: 876, TPM: 5259.5, Sum(ms): 45891.9, Avg(ms): 52.5, 50th(ms): 54.5, 90th(ms): 92.3, 95th(ms): 104.9, 99th(ms): 130.0, 99.9th(ms): 184.5, Max(ms): 192.9
[Current] DELIVERY - Takes(s): 10.0, Count: 905, TPM: 5440.2, Sum(ms): 98096.3, Avg(ms): 108.4, 50th(ms): 109.1, 90th(ms): 151.0, 95th(ms): 167.8, 99th(ms): 218.1, 99.9th(ms): 234.9, Max(ms): 251.7
[Current] NEW_ORDER - Takes(s): 10.0, Count: 9715, TPM: 58305.6, Sum(ms): 314104.8, Avg(ms): 32.3, 50th(ms): 31.5, 90th(ms): 48.2, 95th(ms): 54.5, 99th(ms): 75.5, 99.9th(ms): 100.7, Max(ms): 167.8
[Current] ORDER_STATUS - Takes(s): 10.0, Count: 860, TPM: 5173.3, Sum(ms): 10716.0, Avg(ms): 12.5, 50th(ms): 11.5, 90th(ms): 19.9, 95th(ms): 24.1, 99th(ms): 39.8, 99.9th(ms): 46.1, Max(ms): 46.1
[Current] PAYMENT - Takes(s): 10.0, Count: 9192, TPM: 55158.1, Sum(ms): 163248.9, Avg(ms): 17.8, 50th(ms): 16.3, 90th(ms): 27.3, 95th(ms): 32.5, 99th(ms): 48.2, 99.9th(ms): 67.1, Max(ms): 92.3
[Current] STOCK_LEVEL - Takes(s): 10.0, Count: 865, TPM: 5201.8, Sum(ms): 42148.7, Avg(ms): 48.7, 50th(ms): 50.3, 90th(ms): 83.9, 95th(ms): 92.3, 99th(ms): 113.2, 99.9th(ms): 134.2, Max(ms): 159.4
[Current] DELIVERY - Takes(s): 10.0, Count: 856, TPM: 5138.1, Sum(ms): 95783.6, Avg(ms): 112.0, 50th(ms): 113.2, 90th(ms): 159.4, 95th(ms): 176.2, 99th(ms): 218.1, 99.9th(ms): 251.7, Max(ms): 285.2
[Current] NEW_ORDER - Takes(s): 10.0, Count: 9469, TPM: 56823.2, Sum(ms): 311678.8, Avg(ms): 32.9, 50th(ms): 32.5, 90th(ms): 48.2, 95th(ms): 54.5, 99th(ms): 71.3, 99.9th(ms): 109.1, Max(ms): 184.5
[Current] ORDER_STATUS - Takes(s): 10.0, Count: 858, TPM: 5149.2, Sum(ms): 11708.5, Avg(ms): 13.7, 50th(ms): 12.6, 90th(ms): 22.0, 95th(ms): 28.3, 99th(ms): 44.0, 99.9th(ms): 79.7, Max(ms): 92.3
[Current] PAYMENT - Takes(s): 10.0, Count: 9090, TPM: 54551.6, Sum(ms): 164148.9, Avg(ms): 18.1, 50th(ms): 16.8, 90th(ms): 28.3, 95th(ms): 32.5, 99th(ms): 50.3, 99.9th(ms): 79.7, Max(ms): 109.1
[Current] STOCK_LEVEL - Takes(s): 10.0, Count: 861, TPM: 5169.8, Sum(ms): 46112.2, Avg(ms): 53.6, 50th(ms): 56.6, 90th(ms): 92.3, 95th(ms): 100.7, 99th(ms): 167.8, 99.9th(ms): 201.3, Max(ms): 226.5
[Current] DELIVERY - Takes(s): 10.0, Count: 860, TPM: 5161.3, Sum(ms): 92538.6, Avg(ms): 107.7, 50th(ms): 109.1, 90th(ms): 151.0, 95th(ms): 167.8, 99th(ms): 218.1, 99.9th(ms): 243.3, Max(ms): 260.0
[Current] NEW_ORDER - Takes(s): 10.0, Count: 9685, TPM: 58124.4, Sum(ms): 312636.4, Avg(ms): 32.3, 50th(ms): 31.5, 90th(ms): 48.2, 95th(ms): 54.5, 99th(ms): 71.3, 99.9th(ms): 100.7, Max(ms): 125.8
[Current] ORDER_STATUS - Takes(s): 10.0, Count: 846, TPM: 5082.5, Sum(ms): 11830.7, Avg(ms): 14.0, 50th(ms): 12.6, 90th(ms): 25.2, 95th(ms): 30.4, 99th(ms): 48.2, 99.9th(ms): 65.0, Max(ms): 96.5
[Current] PAYMENT - Takes(s): 10.0, Count: 9173, TPM: 55051.0, Sum(ms): 166583.3, Avg(ms): 18.2, 50th(ms): 16.8, 90th(ms): 28.3, 95th(ms): 33.6, 99th(ms): 50.3, 99.9th(ms): 67.1, Max(ms): 113.2
[Current] STOCK_LEVEL - Takes(s): 10.0, Count: 825, TPM: 4952.1, Sum(ms): 45853.8, Avg(ms): 55.6, 50th(ms): 58.7, 90th(ms): 100.7, 95th(ms): 113.2, 99th(ms): 142.6, 99.9th(ms): 184.5, Max(ms): 201.3
[Current] DELIVERY - Takes(s): 10.0, Count: 492, TPM: 2958.2, Sum(ms): 66959.4, Avg(ms): 136.2, 50th(ms): 104.9, 90th(ms): 251.7, 95th(ms): 402.7, 99th(ms): 637.5, 99.9th(ms): 1610.6, Max(ms): 1610.6
[Current] NEW_ORDER - Takes(s): 10.0, Count: 4922, TPM: 29564.7, Sum(ms): 286376.2, Avg(ms): 58.2, 50th(ms): 37.7, 90th(ms): 125.8, 95th(ms): 209.7, 99th(ms): 369.1, 99.9th(ms): 486.5, Max(ms): 604.0
[Current] ORDER_STATUS - Takes(s): 10.0, Count: 432, TPM: 2600.8, Sum(ms): 18073.1, Avg(ms): 41.8, 50th(ms): 16.3, 90th(ms): 92.3, 95th(ms): 192.9, 99th(ms): 419.4, 99.9th(ms): 704.6, Max(ms): 704.6
[Current] PAYMENT - Takes(s): 10.0, Count: 4868, TPM: 29268.1, Sum(ms): 184262.9, Avg(ms): 37.9, 50th(ms): 21.0, 90th(ms): 88.1, 95th(ms): 142.6, 99th(ms): 268.4, 99.9th(ms): 453.0, Max(ms): 604.0
[Current] STOCK_LEVEL - Takes(s): 9.9, Count: 430, TPM: 2595.0, Sum(ms): 62985.0, Avg(ms): 146.3, 50th(ms): 71.3, 90th(ms): 469.8, 95th(ms): 738.2, 99th(ms): 1208.0, 99.9th(ms): 1409.3, Max(ms): 1409.3
[Current] DELIVERY - Takes(s): 10.0, Count: 692, TPM: 4160.0, Sum(ms): 82833.4, Avg(ms): 119.7, 50th(ms): 109.1, 90th(ms): 159.4, 95th(ms): 218.1, 99th(ms): 570.4, 99.9th(ms): 973.1, Max(ms): 1140.9
[Current] NEW_ORDER - Takes(s): 10.0, Count: 7622, TPM: 45731.1, Sum(ms): 301371.2, Avg(ms): 39.6, 50th(ms): 35.7, 90th(ms): 58.7, 95th(ms): 75.5, 99th(ms): 184.5, 99.9th(ms): 402.7, Max(ms): 838.9
[Current] ORDER_STATUS - Takes(s): 9.7, Count: 692, TPM: 4291.6, Sum(ms): 12702.1, Avg(ms): 18.4, 50th(ms): 13.6, 90th(ms): 37.7, 95th(ms): 52.4, 99th(ms): 83.9, 99.9th(ms): 151.0, Max(ms): 159.4
[Current] PAYMENT - Takes(s): 10.0, Count: 7312, TPM: 43871.0, Sum(ms): 180127.0, Avg(ms): 24.6, 50th(ms): 18.9, 90th(ms): 39.8, 95th(ms): 52.4, 99th(ms): 159.4, 99.9th(ms): 385.9, Max(ms): 704.6
[Current] STOCK_LEVEL - Takes(s): 10.0, Count: 711, TPM: 4266.6, Sum(ms): 56649.0, Avg(ms): 79.6, 50th(ms): 62.9, 90th(ms): 167.8, 95th(ms): 209.7, 99th(ms): 570.4, 99.9th(ms): 1208.0, Max(ms): 1811.9
[Current] DELIVERY - Takes(s): 9.6, Count: 776, TPM: 4844.3, Sum(ms): 86331.6, Avg(ms): 111.3, 50th(ms): 109.1, 90th(ms): 151.0, 95th(ms): 176.2, 99th(ms): 268.4, 99.9th(ms): 939.5, Max(ms): 939.5
[Current] NEW_ORDER - Takes(s): 9.9, Count: 9409, TPM: 56862.7, Sum(ms): 321006.1, Avg(ms): 34.1, 50th(ms): 31.5, 90th(ms): 48.2, 95th(ms): 54.5, 99th(ms): 88.1, 99.9th(ms): 536.9, Max(ms): 738.2
[Current] ORDER_STATUS - Takes(s): 9.9, Count: 854, TPM: 5183.3, Sum(ms): 12041.8, Avg(ms): 14.1, 50th(ms): 12.1, 90th(ms): 22.0, 95th(ms): 27.3, 99th(ms): 46.1, 99.9th(ms): 335.5, Max(ms): 570.4
[Current] PAYMENT - Takes(s): 9.9, Count: 8837, TPM: 53405.5, Sum(ms): 170530.6, Avg(ms): 19.3, 50th(ms): 16.8, 90th(ms): 29.4, 95th(ms): 35.7, 99th(ms): 56.6, 99.9th(ms): 335.5, Max(ms): 671.1
[Current] STOCK_LEVEL - Takes(s): 9.6, Count: 831, TPM: 5197.8, Sum(ms): 54054.4, Avg(ms): 65.0, 50th(ms): 54.5, 90th(ms): 88.1, 95th(ms): 104.9, 99th(ms): 973.1, 99.9th(ms): 1275.1, Max(ms): 1342.2
[Current] DELIVERY - Takes(s): 10.0, Count: 860, TPM: 5172.7, Sum(ms): 93034.7, Avg(ms): 108.2, 50th(ms): 109.1, 90th(ms): 151.0, 95th(ms): 176.2, 99th(ms): 234.9, 99.9th(ms): 285.2, Max(ms): 302.0
[Current] NEW_ORDER - Takes(s): 10.0, Count: 9661, TPM: 58012.1, Sum(ms): 314956.6, Avg(ms): 32.6, 50th(ms): 31.5, 90th(ms): 48.2, 95th(ms): 54.5, 99th(ms): 79.7, 99.9th(ms): 117.4, Max(ms): 151.0
[Current] ORDER_STATUS - Takes(s): 10.0, Count: 849, TPM: 5109.2, Sum(ms): 11202.9, Avg(ms): 13.2, 50th(ms): 12.1, 90th(ms): 21.0, 95th(ms): 27.3, 99th(ms): 41.9, 99.9th(ms): 62.9, Max(ms): 176.2
[Current] PAYMENT - Takes(s): 10.0, Count: 9408, TPM: 56528.4, Sum(ms): 169849.0, Avg(ms): 18.1, 50th(ms): 16.3, 90th(ms): 27.3, 95th(ms): 33.6, 99th(ms): 52.4, 99.9th(ms): 79.7, Max(ms): 117.4
[Current] STOCK_LEVEL - Takes(s): 10.0, Count: 790, TPM: 4743.5, Sum(ms): 38653.5, Avg(ms): 48.9, 50th(ms): 52.4, 90th(ms): 83.9, 95th(ms): 92.3, 99th(ms): 113.2, 99.9th(ms): 151.0, Max(ms): 159.4
[Current] DELIVERY - Takes(s): 10.0, Count: 891, TPM: 5356.9, Sum(ms): 97130.7, Avg(ms): 109.0, 50th(ms): 109.1, 90th(ms): 151.0, 95th(ms): 167.8, 99th(ms): 218.1, 99.9th(ms): 260.0, Max(ms): 302.0
[Current] NEW_ORDER - Takes(s): 10.0, Count: 9515, TPM: 57100.5, Sum(ms): 313706.8, Avg(ms): 33.0, 50th(ms): 32.5, 90th(ms): 50.3, 95th(ms): 56.6, 99th(ms): 71.3, 99.9th(ms): 113.2, Max(ms): 151.0
[Current] ORDER_STATUS - Takes(s): 10.0, Count: 844, TPM: 5064.1, Sum(ms): 10644.6, Avg(ms): 12.6, 50th(ms): 11.5, 90th(ms): 21.0, 95th(ms): 25.2, 99th(ms): 37.7, 99.9th(ms): 54.5, Max(ms): 60.8
[Current] PAYMENT - Takes(s): 10.0, Count: 9078, TPM: 54477.8, Sum(ms): 165811.6, Avg(ms): 18.3, 50th(ms): 16.8, 90th(ms): 28.3, 95th(ms): 33.6, 99th(ms): 50.3, 99.9th(ms): 75.5, Max(ms): 92.3
[Current] STOCK_LEVEL - Takes(s): 10.0, Count: 858, TPM: 5152.9, Sum(ms): 41953.6, Avg(ms): 48.9, 50th(ms): 52.4, 90th(ms): 88.1, 95th(ms): 96.5, 99th(ms): 117.4, 99.9th(ms): 159.4, Max(ms): 176.2
[Current] DELIVERY - Takes(s): 10.0, Count: 836, TPM: 5022.2, Sum(ms): 89899.2, Avg(ms): 107.7, 50th(ms): 109.1, 90th(ms): 151.0, 95th(ms): 176.2, 99th(ms): 234.9, 99.9th(ms): 285.2, Max(ms): 302.0
[Current] NEW_ORDER - Takes(s): 10.0, Count: 9498, TPM: 57004.0, Sum(ms): 313715.6, Avg(ms): 33.0, 50th(ms): 31.5, 90th(ms): 50.3, 95th(ms): 56.6, 99th(ms): 79.7, 99.9th(ms): 117.4, Max(ms): 192.9
[Current] ORDER_STATUS - Takes(s): 10.0, Count: 786, TPM: 4719.9, Sum(ms): 10926.7, Avg(ms): 13.9, 50th(ms): 12.6, 90th(ms): 23.1, 95th(ms): 29.4, 99th(ms): 46.1, 99.9th(ms): 83.9, Max(ms): 83.9
[Current] PAYMENT - Takes(s): 10.0, Count: 9180, TPM: 55080.9, Sum(ms): 169335.1, Avg(ms): 18.5, 50th(ms): 16.8, 90th(ms): 29.4, 95th(ms): 35.7, 99th(ms): 52.4, 99.9th(ms): 83.9, Max(ms): 130.0
[Current] STOCK_LEVEL - Takes(s): 9.9, Count: 832, TPM: 5018.9, Sum(ms): 44634.7, Avg(ms): 53.7, 50th(ms): 54.5, 90th(ms): 100.7, 95th(ms): 117.4, 99th(ms): 159.4, 99.9th(ms): 209.7, Max(ms): 209.7
[Current] DELIVERY - Takes(s): 10.0, Count: 749, TPM: 4499.0, Sum(ms): 81327.6, Avg(ms): 108.6, 50th(ms): 104.9, 90th(ms): 159.4, 95th(ms): 176.2, 99th(ms): 243.3, 99.9th(ms): 318.8, Max(ms): 352.3
[Current] NEW_ORDER - Takes(s): 10.0, Count: 8154, TPM: 48930.3, Sum(ms): 306860.2, Avg(ms): 37.6, 50th(ms): 35.7, 90th(ms): 58.7, 95th(ms): 71.3, 99th(ms): 113.2, 99.9th(ms): 318.8, Max(ms): 352.3
[Current] ORDER_STATUS - Takes(s): 10.0, Count: 730, TPM: 4391.4, Sum(ms): 13269.7, Avg(ms): 18.2, 50th(ms): 13.6, 90th(ms): 37.7, 95th(ms): 52.4, 99th(ms): 92.3, 99.9th(ms): 151.0, Max(ms): 151.0
[Current] PAYMENT - Takes(s): 10.0, Count: 7642, TPM: 45868.5, Sum(ms): 178378.4, Avg(ms): 23.3, 50th(ms): 18.9, 90th(ms): 39.8, 95th(ms): 50.3, 99th(ms): 88.1, 99.9th(ms): 335.5, Max(ms): 385.9
[Current] STOCK_LEVEL - Takes(s): 10.0, Count: 724, TPM: 4345.1, Sum(ms): 51379.0, Avg(ms): 71.0, 50th(ms): 60.8, 90th(ms): 159.4, 95th(ms): 226.5, 99th(ms): 285.2, 99.9th(ms): 318.8, Max(ms): 318.8
[Current] DELIVERY - Takes(s): 10.0, Count: 852, TPM: 5112.3, Sum(ms): 94515.4, Avg(ms): 110.9, 50th(ms): 109.1, 90th(ms): 151.0, 95th(ms): 184.5, 99th(ms): 218.1, 99.9th(ms): 268.4, Max(ms): 285.2
[Current] NEW_ORDER - Takes(s): 10.0, Count: 9856, TPM: 59149.5, Sum(ms): 319036.9, Avg(ms): 32.4, 50th(ms): 31.5, 90th(ms): 48.2, 95th(ms): 54.5, 99th(ms): 71.3, 99.9th(ms): 109.1, Max(ms): 142.6
[Current] ORDER_STATUS - Takes(s): 10.0, Count: 884, TPM: 5307.9, Sum(ms): 11063.9, Avg(ms): 12.5, 50th(ms): 11.5, 90th(ms): 19.9, 95th(ms): 24.1, 99th(ms): 39.8, 99.9th(ms): 67.1, Max(ms): 92.3
[Current] PAYMENT - Takes(s): 10.0, Count: 9419, TPM: 56516.2, Sum(ms): 165469.4, Avg(ms): 17.6, 50th(ms): 16.3, 90th(ms): 27.3, 95th(ms): 32.5, 99th(ms): 46.1, 99.9th(ms): 75.5, Max(ms): 142.6
[Current] STOCK_LEVEL - Takes(s): 10.0, Count: 832, TPM: 4994.9, Sum(ms): 38860.5, Avg(ms): 46.7, 50th(ms): 50.3, 90th(ms): 79.7, 95th(ms): 88.1, 99th(ms): 104.9, 99.9th(ms): 159.4, Max(ms): 201.3
[Current] DELIVERY - Takes(s): 10.0, Count: 801, TPM: 4812.1, Sum(ms): 86787.7, Avg(ms): 108.4, 50th(ms): 109.1, 90th(ms): 151.0, 95th(ms): 167.8, 99th(ms): 335.5, 99.9th(ms): 453.0, Max(ms): 604.0
[Current] NEW_ORDER - Takes(s): 10.0, Count: 9059, TPM: 54355.7, Sum(ms): 311132.6, Avg(ms): 34.4, 50th(ms): 32.5, 90th(ms): 52.4, 95th(ms): 60.8, 99th(ms): 100.7, 99.9th(ms): 176.2, Max(ms): 285.2
[Current] ORDER_STATUS - Takes(s): 10.0, Count: 786, TPM: 4721.4, Sum(ms): 12418.1, Avg(ms): 15.8, 50th(ms): 12.6, 90th(ms): 29.4, 95th(ms): 41.9, 99th(ms): 75.5, 99.9th(ms): 142.6, Max(ms): 318.8
[Current] PAYMENT - Takes(s): 10.0, Count: 8587, TPM: 51526.3, Sum(ms): 173875.3, Avg(ms): 20.3, 50th(ms): 17.8, 90th(ms): 32.5, 95th(ms): 39.8, 99th(ms): 79.7, 99.9th(ms): 167.8, Max(ms): 234.9
[Current] STOCK_LEVEL - Takes(s): 10.0, Count: 735, TPM: 4416.1, Sum(ms): 45162.0, Avg(ms): 61.5, 50th(ms): 56.6, 90th(ms): 113.2, 95th(ms): 142.6, 99th(ms): 285.2, 99.9th(ms): 469.8, Max(ms): 503.3
[Current] DELIVERY - Takes(s): 10.0, Count: 624, TPM: 3760.9, Sum(ms): 78242.6, Avg(ms): 125.5, 50th(ms): 113.2, 90th(ms): 184.5, 95th(ms): 260.0, 99th(ms): 469.8, 99.9th(ms): 536.9, Max(ms): 671.1
[Current] NEW_ORDER - Takes(s): 10.0, Count: 6766, TPM: 40606.0, Sum(ms): 306095.6, Avg(ms): 45.3, 50th(ms): 35.7, 90th(ms): 71.3, 95th(ms): 109.1, 99th(ms): 260.0, 99.9th(ms): 402.7, Max(ms): 453.0
[Current] ORDER_STATUS - Takes(s): 10.0, Count: 594, TPM: 3565.9, Sum(ms): 14352.6, Avg(ms): 24.2, 50th(ms): 13.1, 90th(ms): 48.2, 95th(ms): 67.1, 99th(ms): 243.3, 99.9th(ms): 369.1, Max(ms): 436.2
[Current] PAYMENT - Takes(s): 10.0, Count: 6526, TPM: 39165.3, Sum(ms): 180190.1, Avg(ms): 27.6, 50th(ms): 19.9, 90th(ms): 46.1, 95th(ms): 75.5, 99th(ms): 184.5, 99.9th(ms): 369.1, Max(ms): 469.8
[Current] STOCK_LEVEL - Takes(s): 10.0, Count: 553, TPM: 3318.4, Sum(ms): 54921.4, Avg(ms): 99.4, 50th(ms): 62.9, 90th(ms): 201.3, 95th(ms): 318.8, 99th(ms): 1006.6, 99.9th(ms): 1208.0, Max(ms): 1476.4
[Current] DELIVERY - Takes(s): 10.0, Count: 852, TPM: 5116.1, Sum(ms): 95102.6, Avg(ms): 111.7, 50th(ms): 113.2, 90th(ms): 151.0, 95th(ms): 167.8, 99th(ms): 209.7, 99.9th(ms): 251.7, Max(ms): 268.4
[Current] NEW_ORDER - Takes(s): 10.0, Count: 9656, TPM: 57936.8, Sum(ms): 313032.2, Avg(ms): 32.4, 50th(ms): 31.5, 90th(ms): 48.2, 95th(ms): 54.5, 99th(ms): 71.3, 99.9th(ms): 96.5, Max(ms): 142.6
[Current] ORDER_STATUS - Takes(s): 10.0, Count: 873, TPM: 5259.0, Sum(ms): 10772.6, Avg(ms): 12.3, 50th(ms): 12.1, 90th(ms): 19.9, 95th(ms): 23.1, 99th(ms): 35.7, 99.9th(ms): 52.4, Max(ms): 62.9
[Current] PAYMENT - Takes(s): 10.0, Count: 9364, TPM: 56184.5, Sum(ms): 167377.3, Avg(ms): 17.9, 50th(ms): 16.3, 90th(ms): 27.3, 95th(ms): 33.6, 99th(ms): 48.2, 99.9th(ms): 75.5, Max(ms): 130.0
[Current] STOCK_LEVEL - Takes(s): 10.0, Count: 882, TPM: 5294.8, Sum(ms): 41426.0, Avg(ms): 46.9, 50th(ms): 50.3, 90th(ms): 79.7, 95th(ms): 92.3, 99th(ms): 109.1, 99.9th(ms): 176.2, Max(ms): 226.5
[Current] DELIVERY - Takes(s): 10.0, Count: 842, TPM: 5052.1, Sum(ms): 95026.8, Avg(ms): 113.0, 50th(ms): 109.1, 90th(ms): 159.4, 95th(ms): 184.5, 99th(ms): 243.3, 99.9th(ms): 318.8, Max(ms): 318.8
[Current] NEW_ORDER - Takes(s): 10.0, Count: 9639, TPM: 57879.6, Sum(ms): 316504.0, Avg(ms): 32.8, 50th(ms): 32.5, 90th(ms): 48.2, 95th(ms): 54.5, 99th(ms): 71.3, 99.9th(ms): 100.7, Max(ms): 130.0
[Current] ORDER_STATUS - Takes(s): 10.0, Count: 895, TPM: 5377.1, Sum(ms): 11277.7, Avg(ms): 12.6, 50th(ms): 12.1, 90th(ms): 21.0, 95th(ms): 24.1, 99th(ms): 35.7, 99.9th(ms): 48.2, Max(ms): 67.1
[Current] PAYMENT - Takes(s): 10.0, Count: 9256, TPM: 55537.0, Sum(ms): 165649.4, Avg(ms): 17.9, 50th(ms): 16.8, 90th(ms): 27.3, 95th(ms): 33.6, 99th(ms): 48.2, 99.9th(ms): 75.5, Max(ms): 109.1
[Current] STOCK_LEVEL - Takes(s): 10.0, Count: 898, TPM: 5388.8, Sum(ms): 40599.0, Avg(ms): 45.2, 50th(ms): 50.3, 90th(ms): 79.7, 95th(ms): 88.1, 99th(ms): 109.1, 99.9th(ms): 125.8, Max(ms): 134.2
[Current] DELIVERY - Takes(s): 10.0, Count: 852, TPM: 5113.7, Sum(ms): 90793.1, Avg(ms): 106.6, 50th(ms): 104.9, 90th(ms): 151.0, 95th(ms): 167.8, 99th(ms): 209.7, 99.9th(ms): 251.7, Max(ms): 285.2
[Current] NEW_ORDER - Takes(s): 10.0, Count: 9539, TPM: 57234.3, Sum(ms): 312882.8, Avg(ms): 32.8, 50th(ms): 31.5, 90th(ms): 50.3, 95th(ms): 56.6, 99th(ms): 79.7, 99.9th(ms): 117.4, Max(ms): 142.6
[Current] ORDER_STATUS - Takes(s): 10.0, Count: 884, TPM: 5303.8, Sum(ms): 12025.2, Avg(ms): 13.6, 50th(ms): 12.1, 90th(ms): 23.1, 95th(ms): 28.3, 99th(ms): 50.3, 99.9th(ms): 75.5, Max(ms): 88.1
[Current] PAYMENT - Takes(s): 10.0, Count: 9268, TPM: 55617.8, Sum(ms): 167402.3, Avg(ms): 18.1, 50th(ms): 16.3, 90th(ms): 28.3, 95th(ms): 35.7, 99th(ms): 52.4, 99.9th(ms): 75.5, Max(ms): 113.2
[Current] STOCK_LEVEL - Takes(s): 10.0, Count: 883, TPM: 5299.8, Sum(ms): 46084.1, Avg(ms): 52.2, 50th(ms): 56.6, 90th(ms): 92.3, 95th(ms): 104.9, 99th(ms): 134.2, 99.9th(ms): 151.0, Max(ms): 159.4
[Current] DELIVERY - Takes(s): 10.0, Count: 878, TPM: 5269.1, Sum(ms): 97579.0, Avg(ms): 111.2, 50th(ms): 113.2, 90th(ms): 151.0, 95th(ms): 167.8, 99th(ms): 209.7, 99.9th(ms): 285.2, Max(ms): 369.1
[Current] NEW_ORDER - Takes(s): 10.0, Count: 9380, TPM: 56291.7, Sum(ms): 312245.1, Avg(ms): 33.3, 50th(ms): 32.5, 90th(ms): 48.2, 95th(ms): 56.6, 99th(ms): 71.3, 99.9th(ms): 104.9, Max(ms): 142.6
[Current] ORDER_STATUS - Takes(s): 10.0, Count: 860, TPM: 5176.9, Sum(ms): 11151.2, Avg(ms): 13.0, 50th(ms): 12.1, 90th(ms): 21.0, 95th(ms): 25.2, 99th(ms): 41.9, 99.9th(ms): 62.9, Max(ms): 62.9
[Current] PAYMENT - Takes(s): 10.0, Count: 8976, TPM: 53866.6, Sum(ms): 165268.5, Avg(ms): 18.4, 50th(ms): 16.8, 90th(ms): 28.3, 95th(ms): 33.6, 99th(ms): 50.3, 99.9th(ms): 79.7, Max(ms): 125.8
[Current] STOCK_LEVEL - Takes(s): 10.0, Count: 848, TPM: 5090.1, Sum(ms): 42723.1, Avg(ms): 50.4, 50th(ms): 56.6, 90th(ms): 83.9, 95th(ms): 92.3, 99th(ms): 113.2, 99.9th(ms): 142.6, Max(ms): 159.4
[Current] DELIVERY - Takes(s): 10.0, Count: 832, TPM: 4997.5, Sum(ms): 94391.5, Avg(ms): 113.5, 50th(ms): 113.2, 90th(ms): 159.4, 95th(ms): 176.2, 99th(ms): 218.1, 99.9th(ms): 243.3, Max(ms): 251.7
[Current] NEW_ORDER - Takes(s): 10.0, Count: 9742, TPM: 58452.4, Sum(ms): 320410.2, Avg(ms): 32.9, 50th(ms): 32.5, 90th(ms): 48.2, 95th(ms): 52.4, 99th(ms): 71.3, 99.9th(ms): 96.5, Max(ms): 121.6
[Current] ORDER_STATUS - Takes(s): 10.0, Count: 862, TPM: 5176.5, Sum(ms): 11079.0, Avg(ms): 12.9, 50th(ms): 12.1, 90th(ms): 19.9, 95th(ms): 23.1, 99th(ms): 39.8, 99.9th(ms): 75.5, Max(ms): 104.9
[Current] PAYMENT - Takes(s): 10.0, Count: 9272, TPM: 55692.8, Sum(ms): 161964.7, Avg(ms): 17.5, 50th(ms): 16.3, 90th(ms): 26.2, 95th(ms): 30.4, 99th(ms): 46.1, 99.9th(ms): 71.3, Max(ms): 176.2
[Current] STOCK_LEVEL - Takes(s): 10.0, Count: 883, TPM: 5307.8, Sum(ms): 41210.9, Avg(ms): 46.7, 50th(ms): 52.4, 90th(ms): 79.7, 95th(ms): 83.9, 99th(ms): 100.7, 99.9th(ms): 121.6, Max(ms): 167.8
[Current] DELIVERY - Takes(s): 10.0, Count: 941, TPM: 5646.7, Sum(ms): 105696.3, Avg(ms): 112.2, 50th(ms): 113.2, 90th(ms): 151.0, 95th(ms): 176.2, 99th(ms): 234.9, 99.9th(ms): 268.4, Max(ms): 285.2
[Current] NEW_ORDER - Takes(s): 10.0, Count: 9482, TPM: 56895.5, Sum(ms): 308150.2, Avg(ms): 32.5, 50th(ms): 31.5, 90th(ms): 48.2, 95th(ms): 54.5, 99th(ms): 75.5, 99.9th(ms): 109.1, Max(ms): 201.3
[Current] ORDER_STATUS - Takes(s): 10.0, Count: 875, TPM: 5271.1, Sum(ms): 11873.0, Avg(ms): 13.6, 50th(ms): 12.6, 90th(ms): 22.0, 95th(ms): 26.2, 99th(ms): 37.7, 99.9th(ms): 56.6, Max(ms): 71.3
[Current] PAYMENT - Takes(s): 10.0, Count: 9063, TPM: 54380.8, Sum(ms): 159242.6, Avg(ms): 17.6, 50th(ms): 16.3, 90th(ms): 27.3, 95th(ms): 32.5, 99th(ms): 50.3, 99.9th(ms): 75.5, Max(ms): 159.4
[Current] STOCK_LEVEL - Takes(s): 10.0, Count: 855, TPM: 5133.2, Sum(ms): 44611.4, Avg(ms): 52.2, 50th(ms): 56.6, 90th(ms): 92.3, 95th(ms): 100.7, 99th(ms): 117.4, 99.9th(ms): 142.6, Max(ms): 151.0
[Current] DELIVERY - Takes(s): 10.0, Count: 839, TPM: 5039.3, Sum(ms): 91400.8, Avg(ms): 108.9, 50th(ms): 109.1, 90th(ms): 151.0, 95th(ms): 176.2, 99th(ms): 218.1, 99.9th(ms): 260.0, Max(ms): 285.2
[Current] NEW_ORDER - Takes(s): 10.0, Count: 9673, TPM: 58056.1, Sum(ms): 315690.2, Avg(ms): 32.6, 50th(ms): 31.5, 90th(ms): 48.2, 95th(ms): 54.5, 99th(ms): 71.3, 99.9th(ms): 104.9, Max(ms): 151.0
[Current] ORDER_STATUS - Takes(s): 10.0, Count: 853, TPM: 5119.1, Sum(ms): 11073.8, Avg(ms): 13.0, 50th(ms): 12.1, 90th(ms): 22.0, 95th(ms): 26.2, 99th(ms): 37.7, 99.9th(ms): 56.6, Max(ms): 58.7
[Current] PAYMENT - Takes(s): 10.0, Count: 9242, TPM: 55468.6, Sum(ms): 166839.4, Avg(ms): 18.1, 50th(ms): 16.8, 90th(ms): 28.3, 95th(ms): 33.6, 99th(ms): 48.2, 99.9th(ms): 65.0, Max(ms): 79.7
[Current] STOCK_LEVEL - Takes(s): 10.0, Count: 905, TPM: 5432.5, Sum(ms): 43507.9, Avg(ms): 48.1, 50th(ms): 52.4, 90th(ms): 83.9, 95th(ms): 96.5, 99th(ms): 117.4, 99.9th(ms): 151.0, Max(ms): 151.0
[Current] DELIVERY - Takes(s): 10.0, Count: 871, TPM: 5230.3, Sum(ms): 96848.5, Avg(ms): 111.2, 50th(ms): 113.2, 90th(ms): 151.0, 95th(ms): 167.8, 99th(ms): 218.1, 99.9th(ms): 243.3, Max(ms): 268.4
[Current] NEW_ORDER - Takes(s): 10.0, Count: 9744, TPM: 58465.3, Sum(ms): 317497.9, Avg(ms): 32.6, 50th(ms): 31.5, 90th(ms): 48.2, 95th(ms): 54.5, 99th(ms): 71.3, 99.9th(ms): 109.1, Max(ms): 167.8
[Current] ORDER_STATUS - Takes(s): 10.0, Count: 831, TPM: 4995.8, Sum(ms): 10666.1, Avg(ms): 12.8, 50th(ms): 12.1, 90th(ms): 21.0, 95th(ms): 24.1, 99th(ms): 37.7, 99.9th(ms): 71.3, Max(ms): 79.7
[Current] PAYMENT - Takes(s): 10.0, Count: 9280, TPM: 55680.9, Sum(ms): 162991.3, Avg(ms): 17.6, 50th(ms): 16.3, 90th(ms): 26.2, 95th(ms): 31.5, 99th(ms): 48.2, 99.9th(ms): 71.3, Max(ms): 104.9
[Current] STOCK_LEVEL - Takes(s): 10.0, Count: 848, TPM: 5096.2, Sum(ms): 40692.5, Avg(ms): 48.0, 50th(ms): 52.4, 90th(ms): 83.9, 95th(ms): 92.3, 99th(ms): 113.2, 99.9th(ms): 176.2, Max(ms): 192.9
[Current] DELIVERY - Takes(s): 10.0, Count: 909, TPM: 5454.2, Sum(ms): 102144.6, Avg(ms): 112.4, 50th(ms): 109.1, 90th(ms): 159.4, 95th(ms): 176.2, 99th(ms): 234.9, 99.9th(ms): 251.7, Max(ms): 285.2
[Current] NEW_ORDER - Takes(s): 10.0, Count: 9783, TPM: 58699.6, Sum(ms): 314019.3, Avg(ms): 32.1, 50th(ms): 31.5, 90th(ms): 48.2, 95th(ms): 52.4, 99th(ms): 71.3, 99.9th(ms): 109.1, Max(ms): 142.6
[Current] ORDER_STATUS - Takes(s): 10.0, Count: 871, TPM: 5227.6, Sum(ms): 11221.1, Avg(ms): 12.9, 50th(ms): 12.1, 90th(ms): 21.0, 95th(ms): 25.2, 99th(ms): 39.8, 99.9th(ms): 56.6, Max(ms): 79.7
[Current] PAYMENT - Takes(s): 10.0, Count: 9163, TPM: 54978.8, Sum(ms): 161504.4, Avg(ms): 17.6, 50th(ms): 16.3, 90th(ms): 27.3, 95th(ms): 32.5, 99th(ms): 50.3, 99.9th(ms): 75.5, Max(ms): 96.5
[Current] STOCK_LEVEL - Takes(s): 10.0, Count: 824, TPM: 4951.0, Sum(ms): 39783.1, Avg(ms): 48.3, 50th(ms): 52.4, 90th(ms): 83.9, 95th(ms): 92.3, 99th(ms): 109.1, 99.9th(ms): 130.0, Max(ms): 151.0
[Current] DELIVERY - Takes(s): 10.0, Count: 836, TPM: 5023.4, Sum(ms): 91151.6, Avg(ms): 109.0, 50th(ms): 109.1, 90th(ms): 151.0, 95th(ms): 176.2, 99th(ms): 218.1, 99.9th(ms): 268.4, Max(ms): 318.8
[Current] NEW_ORDER - Takes(s): 10.0, Count: 9840, TPM: 59057.9, Sum(ms): 317419.3, Avg(ms): 32.3, 50th(ms): 31.5, 90th(ms): 48.2, 95th(ms): 54.5, 99th(ms): 75.5, 99.9th(ms): 117.4, Max(ms): 192.9
[Current] ORDER_STATUS - Takes(s): 10.0, Count: 865, TPM: 5199.2, Sum(ms): 11560.9, Avg(ms): 13.4, 50th(ms): 12.6, 90th(ms): 22.0, 95th(ms): 27.3, 99th(ms): 44.0, 99.9th(ms): 100.7, Max(ms): 109.1
[Current] PAYMENT - Takes(s): 10.0, Count: 9267, TPM: 55620.6, Sum(ms): 163783.2, Avg(ms): 17.7, 50th(ms): 16.3, 90th(ms): 27.3, 95th(ms): 32.5, 99th(ms): 48.2, 99.9th(ms): 75.5, Max(ms): 100.7
[Current] STOCK_LEVEL - Takes(s): 10.0, Count: 908, TPM: 5466.2, Sum(ms): 45455.1, Avg(ms): 50.1, 50th(ms): 54.5, 90th(ms): 83.9, 95th(ms): 96.5, 99th(ms): 113.2, 99.9th(ms): 176.2, Max(ms): 192.9
[Current] DELIVERY - Takes(s): 10.0, Count: 843, TPM: 5061.1, Sum(ms): 94916.1, Avg(ms): 112.6, 50th(ms): 113.2, 90th(ms): 151.0, 95th(ms): 167.8, 99th(ms): 226.5, 99.9th(ms): 268.4, Max(ms): 302.0
[Current] NEW_ORDER - Takes(s): 10.0, Count: 9741, TPM: 58448.6, Sum(ms): 320572.5, Avg(ms): 32.9, 50th(ms): 32.5, 90th(ms): 48.2, 95th(ms): 54.5, 99th(ms): 75.5, 99.9th(ms): 104.9, Max(ms): 151.0
[Current] ORDER_STATUS - Takes(s): 10.0, Count: 932, TPM: 5592.6, Sum(ms): 12086.3, Avg(ms): 13.0, 50th(ms): 12.6, 90th(ms): 21.0, 95th(ms): 25.2, 99th(ms): 33.6, 99.9th(ms): 50.3, Max(ms): 75.5
[Current] PAYMENT - Takes(s): 10.0, Count: 9043, TPM: 54260.2, Sum(ms): 161636.3, Avg(ms): 17.9, 50th(ms): 16.3, 90th(ms): 27.3, 95th(ms): 32.5, 99th(ms): 50.3, 99.9th(ms): 75.5, Max(ms): 100.7
[Current] STOCK_LEVEL - Takes(s): 10.0, Count: 814, TPM: 4886.6, Sum(ms): 39433.6, Avg(ms): 48.4, 50th(ms): 52.4, 90th(ms): 83.9, 95th(ms): 92.3, 99th(ms): 109.1, 99.9th(ms): 125.8, Max(ms): 134.2
[Current] DELIVERY - Takes(s): 10.0, Count: 770, TPM: 4621.1, Sum(ms): 84459.6, Avg(ms): 109.7, 50th(ms): 109.1, 90th(ms): 159.4, 95th(ms): 184.5, 99th(ms): 251.7, 99.9th(ms): 302.0, Max(ms): 352.3
[Current] NEW_ORDER - Takes(s): 10.0, Count: 8289, TPM: 49746.6, Sum(ms): 301629.3, Avg(ms): 36.4, 50th(ms): 33.6, 90th(ms): 56.6, 95th(ms): 71.3, 99th(ms): 113.2, 99.9th(ms): 209.7, Max(ms): 268.4
[Current] ORDER_STATUS - Takes(s): 10.0, Count: 749, TPM: 4494.2, Sum(ms): 13852.8, Avg(ms): 18.5, 50th(ms): 13.6, 90th(ms): 35.7, 95th(ms): 52.4, 99th(ms): 104.9, 99.9th(ms): 167.8, Max(ms): 167.8
[Current] PAYMENT - Takes(s): 10.0, Count: 8195, TPM: 49173.5, Sum(ms): 177448.9, Avg(ms): 21.7, 50th(ms): 17.8, 90th(ms): 35.7, 95th(ms): 46.1, 99th(ms): 88.1, 99.9th(ms): 192.9, Max(ms): 285.2
[Current] STOCK_LEVEL - Takes(s): 10.0, Count: 750, TPM: 4501.6, Sum(ms): 53430.3, Avg(ms): 71.2, 50th(ms): 60.8, 90th(ms): 167.8, 95th(ms): 218.1, 99th(ms): 318.8, 99.9th(ms): 385.9, Max(ms): 453.0
[Current] DELIVERY - Takes(s): 10.0, Count: 555, TPM: 3337.0, Sum(ms): 76162.7, Avg(ms): 137.2, 50th(ms): 117.4, 90th(ms): 218.1, 95th(ms): 285.2, 99th(ms): 486.5, 99.9th(ms): 604.0, Max(ms): 738.2
[Current] NEW_ORDER - Takes(s): 10.0, Count: 6316, TPM: 37974.9, Sum(ms): 307798.6, Avg(ms): 48.8, 50th(ms): 39.8, 90th(ms): 88.1, 95th(ms): 109.1, 99th(ms): 209.7, 99.9th(ms): 352.3, Max(ms): 385.9
[Current] ORDER_STATUS - Takes(s): 10.0, Count: 543, TPM: 3259.1, Sum(ms): 13778.7, Avg(ms): 25.4, 50th(ms): 14.2, 90th(ms): 62.9, 95th(ms): 88.1, 99th(ms): 134.2, 99.9th(ms): 352.3, Max(ms): 369.1
[Current] PAYMENT - Takes(s): 10.0, Count: 5849, TPM: 35167.1, Sum(ms): 177736.5, Avg(ms): 30.4, 50th(ms): 22.0, 90th(ms): 56.6, 95th(ms): 75.5, 99th(ms): 151.0, 99.9th(ms): 285.2, Max(ms): 302.0
[Current] STOCK_LEVEL - Takes(s): 10.0, Count: 533, TPM: 3208.1, Sum(ms): 59150.0, Avg(ms): 111.1, 50th(ms): 67.1, 90th(ms): 318.8, 95th(ms): 385.9, 99th(ms): 520.1, 99.9th(ms): 671.1, Max(ms): 671.1
[Current] DELIVERY - Takes(s): 10.0, Count: 886, TPM: 5329.7, Sum(ms): 99506.6, Avg(ms): 112.4, 50th(ms): 113.2, 90th(ms): 151.0, 95th(ms): 176.2, 99th(ms): 226.5, 99.9th(ms): 268.4, Max(ms): 318.8
[Current] NEW_ORDER - Takes(s): 10.0, Count: 9601, TPM: 57610.0, Sum(ms): 315740.0, Avg(ms): 32.9, 50th(ms): 32.5, 90th(ms): 48.2, 95th(ms): 54.5, 99th(ms): 71.3, 99.9th(ms): 104.9, Max(ms): 142.6
[Current] ORDER_STATUS - Takes(s): 10.0, Count: 898, TPM: 5389.5, Sum(ms): 11488.0, Avg(ms): 12.8, 50th(ms): 12.6, 90th(ms): 19.9, 95th(ms): 24.1, 99th(ms): 39.8, 99.9th(ms): 54.5, Max(ms): 83.9
[Current] PAYMENT - Takes(s): 10.0, Count: 9101, TPM: 54609.5, Sum(ms): 161184.0, Avg(ms): 17.7, 50th(ms): 16.3, 90th(ms): 27.3, 95th(ms): 32.5, 99th(ms): 46.1, 99.9th(ms): 75.5, Max(ms): 125.8
[Current] STOCK_LEVEL - Takes(s): 10.0, Count: 850, TPM: 5103.8, Sum(ms): 40832.4, Avg(ms): 48.1, 50th(ms): 52.4, 90th(ms): 83.9, 95th(ms): 92.3, 99th(ms): 113.2, 99.9th(ms): 134.2, Max(ms): 142.6
[Current] DELIVERY - Takes(s): 10.0, Count: 788, TPM: 4733.0, Sum(ms): 86379.5, Avg(ms): 109.6, 50th(ms): 109.1, 90th(ms): 151.0, 95th(ms): 167.8, 99th(ms): 218.1, 99.9th(ms): 243.3, Max(ms): 302.0
[Current] NEW_ORDER - Takes(s): 10.0, Count: 9977, TPM: 59880.5, Sum(ms): 320200.9, Avg(ms): 32.1, 50th(ms): 31.5, 90th(ms): 48.2, 95th(ms): 54.5, 99th(ms): 71.3, 99.9th(ms): 104.9, Max(ms): 167.8
[Current] ORDER_STATUS - Takes(s): 10.0, Count: 905, TPM: 5431.6, Sum(ms): 11930.5, Avg(ms): 13.2, 50th(ms): 12.6, 90th(ms): 22.0, 95th(ms): 26.2, 99th(ms): 41.9, 99.9th(ms): 79.7, Max(ms): 88.1
[Current] PAYMENT - Takes(s): 10.0, Count: 9536, TPM: 57233.5, Sum(ms): 167557.4, Avg(ms): 17.6, 50th(ms): 16.3, 90th(ms): 27.3, 95th(ms): 32.5, 99th(ms): 46.1, 99.9th(ms): 71.3, Max(ms): 96.5
[Current] STOCK_LEVEL - Takes(s): 10.0, Count: 913, TPM: 5483.5, Sum(ms): 43192.5, Avg(ms): 47.3, 50th(ms): 52.4, 90th(ms): 83.9, 95th(ms): 92.3, 99th(ms): 125.8, 99.9th(ms): 159.4, Max(ms): 167.8
[Current] DELIVERY - Takes(s): 9.9, Count: 823, TPM: 4976.4, Sum(ms): 89104.2, Avg(ms): 108.3, 50th(ms): 104.9, 90th(ms): 151.0, 95th(ms): 184.5, 99th(ms): 226.5, 99.9th(ms): 268.4, Max(ms): 285.2
[Current] NEW_ORDER - Takes(s): 10.0, Count: 9834, TPM: 59005.0, Sum(ms): 319356.7, Avg(ms): 32.5, 50th(ms): 31.5, 90th(ms): 48.2, 95th(ms): 56.6, 99th(ms): 75.5, 99.9th(ms): 104.9, Max(ms): 184.5
[Current] ORDER_STATUS - Takes(s): 10.0, Count: 893, TPM: 5359.2, Sum(ms): 12090.7, Avg(ms): 13.6, 50th(ms): 12.6, 90th(ms): 22.0, 95th(ms): 28.3, 99th(ms): 46.1, 99.9th(ms): 71.3, Max(ms): 71.3
[Current] PAYMENT - Takes(s): 10.0, Count: 9314, TPM: 55884.8, Sum(ms): 166682.1, Avg(ms): 17.9, 50th(ms): 16.3, 90th(ms): 28.3, 95th(ms): 33.6, 99th(ms): 48.2, 99.9th(ms): 75.5, Max(ms): 100.7
[Current] STOCK_LEVEL - Takes(s): 10.0, Count: 842, TPM: 5054.1, Sum(ms): 41087.2, Avg(ms): 48.8, 50th(ms): 52.4, 90th(ms): 88.1, 95th(ms): 96.5, 99th(ms): 113.2, 99.9th(ms): 167.8, Max(ms): 209.7
[Current] DELIVERY - Takes(s): 10.0, Count: 891, TPM: 5355.8, Sum(ms): 100462.7, Avg(ms): 112.8, 50th(ms): 113.2, 90th(ms): 159.4, 95th(ms): 176.2, 99th(ms): 209.7, 99.9th(ms): 260.0, Max(ms): 260.0
[Current] NEW_ORDER - Takes(s): 10.0, Count: 9518, TPM: 57122.7, Sum(ms): 307806.4, Avg(ms): 32.4, 50th(ms): 31.5, 90th(ms): 48.2, 95th(ms): 54.5, 99th(ms): 71.3, 99.9th(ms): 104.9, Max(ms): 130.0
[Current] ORDER_STATUS - Takes(s): 10.0, Count: 959, TPM: 5764.2, Sum(ms): 12481.8, Avg(ms): 13.0, 50th(ms): 12.6, 90th(ms): 21.0, 95th(ms): 25.2, 99th(ms): 41.9, 99.9th(ms): 83.9, Max(ms): 92.3
[Current] PAYMENT - Takes(s): 10.0, Count: 9292, TPM: 55753.2, Sum(ms): 161755.0, Avg(ms): 17.4, 50th(ms): 16.3, 90th(ms): 26.2, 95th(ms): 31.5, 99th(ms): 46.1, 99.9th(ms): 75.5, Max(ms): 113.2
[Current] STOCK_LEVEL - Takes(s): 10.0, Count: 889, TPM: 5334.0, Sum(ms): 46415.0, Avg(ms): 52.2, 50th(ms): 56.6, 90th(ms): 88.1, 95th(ms): 96.5, 99th(ms): 125.8, 99.9th(ms): 167.8, Max(ms): 176.2
[Current] DELIVERY - Takes(s): 10.0, Count: 860, TPM: 5170.2, Sum(ms): 93435.3, Avg(ms): 108.7, 50th(ms): 109.1, 90th(ms): 151.0, 95th(ms): 167.8, 99th(ms): 209.7, 99.9th(ms): 285.2, Max(ms): 318.8
[Current] NEW_ORDER - Takes(s): 10.0, Count: 9744, TPM: 58465.8, Sum(ms): 316987.4, Avg(ms): 32.5, 50th(ms): 31.5, 90th(ms): 48.2, 95th(ms): 54.5, 99th(ms): 75.5, 99.9th(ms): 117.4, Max(ms): 167.8
[Current] ORDER_STATUS - Takes(s): 10.0, Count: 885, TPM: 5312.9, Sum(ms): 11750.1, Avg(ms): 13.3, 50th(ms): 12.1, 90th(ms): 22.0, 95th(ms): 28.3, 99th(ms): 44.0, 99.9th(ms): 58.7, Max(ms): 58.7
[Current] PAYMENT - Takes(s): 10.0, Count: 9339, TPM: 56036.5, Sum(ms): 165671.0, Avg(ms): 17.7, 50th(ms): 16.3, 90th(ms): 27.3, 95th(ms): 33.6, 99th(ms): 52.4, 99.9th(ms): 83.9, Max(ms): 130.0
[Current] STOCK_LEVEL - Takes(s): 10.0, Count: 849, TPM: 5098.4, Sum(ms): 41803.1, Avg(ms): 49.3, 50th(ms): 54.5, 90th(ms): 83.9, 95th(ms): 92.3, 99th(ms): 113.2, 99.9th(ms): 218.1, Max(ms): 234.9
[Current] DELIVERY - Takes(s): 10.0, Count: 824, TPM: 4946.0, Sum(ms): 90413.9, Avg(ms): 109.8, 50th(ms): 109.1, 90th(ms): 151.0, 95th(ms): 167.8, 99th(ms): 209.7, 99.9th(ms): 251.7, Max(ms): 251.7
[Current] NEW_ORDER - Takes(s): 10.0, Count: 9796, TPM: 58777.1, Sum(ms): 316874.0, Avg(ms): 32.4, 50th(ms): 31.5, 90th(ms): 48.2, 95th(ms): 54.5, 99th(ms): 71.3, 99.9th(ms): 100.7, Max(ms): 121.6
[Current] ORDER_STATUS - Takes(s): 10.0, Count: 889, TPM: 5336.6, Sum(ms): 11695.4, Avg(ms): 13.2, 50th(ms): 12.6, 90th(ms): 21.0, 95th(ms): 25.2, 99th(ms): 39.8, 99.9th(ms): 71.3, Max(ms): 75.5
[Current] PAYMENT - Takes(s): 10.0, Count: 9512, TPM: 57082.5, Sum(ms): 166705.1, Avg(ms): 17.5, 50th(ms): 16.3, 90th(ms): 26.2, 95th(ms): 31.5, 99th(ms): 48.2, 99.9th(ms): 67.1, Max(ms): 100.7
[Current] STOCK_LEVEL - Takes(s): 10.0, Count: 874, TPM: 5265.6, Sum(ms): 43365.0, Avg(ms): 49.6, 50th(ms): 54.5, 90th(ms): 83.9, 95th(ms): 92.3, 99th(ms): 117.4, 99.9th(ms): 151.0, Max(ms): 167.8
[Current] DELIVERY - Takes(s): 10.0, Count: 742, TPM: 4452.1, Sum(ms): 81237.7, Avg(ms): 109.5, 50th(ms): 109.1, 90th(ms): 151.0, 95th(ms): 176.2, 99th(ms): 260.0, 99.9th(ms): 352.3, Max(ms): 385.9
[Current] NEW_ORDER - Takes(s): 10.0, Count: 8375, TPM: 50257.6, Sum(ms): 303496.7, Avg(ms): 36.2, 50th(ms): 33.6, 90th(ms): 56.6, 95th(ms): 67.1, 99th(ms): 96.5, 99.9th(ms): 209.7, Max(ms): 234.9
[Current] ORDER_STATUS - Takes(s): 10.0, Count: 726, TPM: 4358.8, Sum(ms): 13008.5, Avg(ms): 17.9, 50th(ms): 14.7, 90th(ms): 35.7, 95th(ms): 48.2, 99th(ms): 83.9, 99.9th(ms): 142.6, Max(ms): 159.4
[Current] PAYMENT - Takes(s): 10.0, Count: 8061, TPM: 48366.6, Sum(ms): 176239.5, Avg(ms): 21.9, 50th(ms): 18.9, 90th(ms): 37.7, 95th(ms): 48.2, 99th(ms): 79.7, 99.9th(ms): 151.0, Max(ms): 184.5
[Current] STOCK_LEVEL - Takes(s): 10.0, Count: 759, TPM: 4568.7, Sum(ms): 55753.4, Avg(ms): 73.5, 50th(ms): 60.8, 90th(ms): 159.4, 95th(ms): 226.5, 99th(ms): 369.1, 99.9th(ms): 419.4, Max(ms): 604.0
[Current] DELIVERY - Takes(s): 10.0, Count: 744, TPM: 4481.9, Sum(ms): 82728.9, Avg(ms): 111.2, 50th(ms): 109.1, 90th(ms): 159.4, 95th(ms): 192.9, 99th(ms): 251.7, 99.9th(ms): 352.3, Max(ms): 939.5
[Current] NEW_ORDER - Takes(s): 10.0, Count: 8862, TPM: 53185.4, Sum(ms): 312320.7, Avg(ms): 35.3, 50th(ms): 32.5, 90th(ms): 52.4, 95th(ms): 65.0, 99th(ms): 142.6, 99.9th(ms): 218.1, Max(ms): 251.7
[Current] ORDER_STATUS - Takes(s): 9.8, Count: 788, TPM: 4809.7, Sum(ms): 14905.6, Avg(ms): 18.9, 50th(ms): 13.1, 90th(ms): 25.2, 95th(ms): 41.9, 99th(ms): 167.8, 99.9th(ms): 260.0, Max(ms): 520.1
[Current] PAYMENT - Takes(s): 10.0, Count: 8575, TPM: 51472.7, Sum(ms): 171950.0, Avg(ms): 20.1, 50th(ms): 16.8, 90th(ms): 31.5, 95th(ms): 41.9, 99th(ms): 88.1, 99.9th(ms): 192.9, Max(ms): 268.4
[Current] STOCK_LEVEL - Takes(s): 10.0, Count: 819, TPM: 4927.6, Sum(ms): 48759.2, Avg(ms): 59.5, 50th(ms): 54.5, 90th(ms): 92.3, 95th(ms): 113.2, 99th(ms): 436.2, 99.9th(ms): 637.5, Max(ms): 671.1
[Current] DELIVERY - Takes(s): 10.0, Count: 911, TPM: 5471.4, Sum(ms): 100783.1, Avg(ms): 110.7, 50th(ms): 109.1, 90th(ms): 151.0, 95th(ms): 176.2, 99th(ms): 218.1, 99.9th(ms): 260.0, Max(ms): 285.2
[Current] NEW_ORDER - Takes(s): 10.0, Count: 9748, TPM: 58489.0, Sum(ms): 311942.4, Avg(ms): 32.0, 50th(ms): 31.5, 90th(ms): 48.2, 95th(ms): 54.5, 99th(ms): 71.3, 99.9th(ms): 104.9, Max(ms): 159.4
[Current] ORDER_STATUS - Takes(s): 10.0, Count: 869, TPM: 5228.0, Sum(ms): 11544.9, Avg(ms): 13.3, 50th(ms): 12.6, 90th(ms): 21.0, 95th(ms): 26.2, 99th(ms): 39.8, 99.9th(ms): 75.5, Max(ms): 100.7
[Current] PAYMENT - Takes(s): 10.0, Count: 9284, TPM: 55704.4, Sum(ms): 162328.9, Avg(ms): 17.5, 50th(ms): 16.3, 90th(ms): 26.2, 95th(ms): 32.5, 99th(ms): 48.2, 99.9th(ms): 79.7, Max(ms): 109.1
[Current] STOCK_LEVEL - Takes(s): 10.0, Count: 867, TPM: 5205.5, Sum(ms): 42201.2, Avg(ms): 48.7, 50th(ms): 54.5, 90th(ms): 83.9, 95th(ms): 92.3, 99th(ms): 109.1, 99.9th(ms): 151.0, Max(ms): 151.0
[Current] DELIVERY - Takes(s): 10.0, Count: 849, TPM: 5097.8, Sum(ms): 93969.5, Avg(ms): 110.7, 50th(ms): 109.1, 90th(ms): 151.0, 95th(ms): 167.8, 99th(ms): 226.5, 99.9th(ms): 335.5, Max(ms): 369.1
[Current] NEW_ORDER - Takes(s): 10.0, Count: 9683, TPM: 58107.1, Sum(ms): 314862.0, Avg(ms): 32.5, 50th(ms): 31.5, 90th(ms): 48.2, 95th(ms): 52.4, 99th(ms): 71.3, 99.9th(ms): 100.7, Max(ms): 167.8
[Current] ORDER_STATUS - Takes(s): 10.0, Count: 910, TPM: 5461.8, Sum(ms): 12121.1, Avg(ms): 13.3, 50th(ms): 12.6, 90th(ms): 22.0, 95th(ms): 26.2, 99th(ms): 39.8, 99.9th(ms): 54.5, Max(ms): 88.1
[Current] PAYMENT - Takes(s): 10.0, Count: 9464, TPM: 56792.7, Sum(ms): 165363.8, Avg(ms): 17.5, 50th(ms): 16.3, 90th(ms): 26.2, 95th(ms): 31.5, 99th(ms): 48.2, 99.9th(ms): 71.3, Max(ms): 100.7
[Current] STOCK_LEVEL - Takes(s): 10.0, Count: 868, TPM: 5221.8, Sum(ms): 43075.6, Avg(ms): 49.6, 50th(ms): 52.4, 90th(ms): 88.1, 95th(ms): 96.5, 99th(ms): 121.6, 99.9th(ms): 151.0, Max(ms): 159.4
[Current] DELIVERY - Takes(s): 10.0, Count: 881, TPM: 5297.4, Sum(ms): 101510.1, Avg(ms): 115.2, 50th(ms): 117.4, 90th(ms): 159.4, 95th(ms): 176.2, 99th(ms): 234.9, 99.9th(ms): 302.0, Max(ms): 352.3
[Current] NEW_ORDER - Takes(s): 10.0, Count: 9562, TPM: 57375.5, Sum(ms): 312921.8, Avg(ms): 32.7, 50th(ms): 31.5, 90th(ms): 48.2, 95th(ms): 54.5, 99th(ms): 75.5, 99.9th(ms): 113.2, Max(ms): 167.8
[Current] ORDER_STATUS - Takes(s): 10.0, Count: 787, TPM: 4731.9, Sum(ms): 11080.5, Avg(ms): 14.1, 50th(ms): 13.6, 90th(ms): 21.0, 95th(ms): 25.2, 99th(ms): 41.9, 99.9th(ms): 75.5, Max(ms): 96.5
[Current] PAYMENT - Takes(s): 10.0, Count: 9043, TPM: 54260.6, Sum(ms): 160991.2, Avg(ms): 17.8, 50th(ms): 16.3, 90th(ms): 27.3, 95th(ms): 32.5, 99th(ms): 48.2, 99.9th(ms): 79.7, Max(ms): 109.1
[Current] STOCK_LEVEL - Takes(s): 10.0, Count: 827, TPM: 4963.5, Sum(ms): 42606.4, Avg(ms): 51.5, 50th(ms): 56.6, 90th(ms): 88.1, 95th(ms): 96.5, 99th(ms): 121.6, 99.9th(ms): 167.8, Max(ms): 192.9
[Current] DELIVERY - Takes(s): 10.0, Count: 704, TPM: 4225.2, Sum(ms): 78482.0, Avg(ms): 111.6, 50th(ms): 109.1, 90th(ms): 159.4, 95th(ms): 184.5, 99th(ms): 260.0, 99.9th(ms): 436.2, Max(ms): 520.1
[Current] NEW_ORDER - Takes(s): 10.0, Count: 8137, TPM: 48824.3, Sum(ms): 304239.6, Avg(ms): 37.4, 50th(ms): 35.7, 90th(ms): 58.7, 95th(ms): 71.3, 99th(ms): 109.1, 99.9th(ms): 226.5, Max(ms): 268.4
[Current] ORDER_STATUS - Takes(s): 10.0, Count: 733, TPM: 4399.4, Sum(ms): 13486.4, Avg(ms): 18.4, 50th(ms): 14.2, 90th(ms): 35.7, 95th(ms): 52.4, 99th(ms): 83.9, 99.9th(ms): 96.5, Max(ms): 121.6
[Current] PAYMENT - Takes(s): 10.0, Count: 8070, TPM: 48421.8, Sum(ms): 179974.6, Avg(ms): 22.3, 50th(ms): 18.9, 90th(ms): 37.7, 95th(ms): 46.1, 99th(ms): 83.9, 99.9th(ms): 226.5, Max(ms): 251.7
[Current] STOCK_LEVEL - Takes(s): 10.0, Count: 736, TPM: 4431.3, Sum(ms): 55318.4, Avg(ms): 75.2, 50th(ms): 58.7, 90th(ms): 192.9, 95th(ms): 243.3, 99th(ms): 302.0, 99.9th(ms): 352.3, Max(ms): 385.9
[Current] DELIVERY - Takes(s): 10.0, Count: 738, TPM: 4432.1, Sum(ms): 87553.4, Avg(ms): 118.7, 50th(ms): 104.9, 90th(ms): 167.8, 95th(ms): 218.1, 99th(ms): 604.0, 99.9th(ms): 771.8, Max(ms): 805.3
[Current] NEW_ORDER - Takes(s): 10.0, Count: 8003, TPM: 48018.3, Sum(ms): 301070.2, Avg(ms): 37.6, 50th(ms): 32.5, 90th(ms): 52.4, 95th(ms): 65.0, 99th(ms): 184.5, 99.9th(ms): 637.5, Max(ms): 671.1
[Current] ORDER_STATUS - Takes(s): 10.0, Count: 707, TPM: 4246.1, Sum(ms): 12044.7, Avg(ms): 17.0, 50th(ms): 12.6, 90th(ms): 27.3, 95th(ms): 41.9, 99th(ms): 83.9, 99.9th(ms): 285.2, Max(ms): 302.0
[Current] PAYMENT - Takes(s): 10.0, Count: 7655, TPM: 45929.3, Sum(ms): 178275.7, Avg(ms): 23.3, 50th(ms): 17.8, 90th(ms): 33.6, 95th(ms): 44.0, 99th(ms): 151.0, 99.9th(ms): 604.0, Max(ms): 671.1
[Current] STOCK_LEVEL - Takes(s): 10.0, Count: 714, TPM: 4284.0, Sum(ms): 50639.8, Avg(ms): 70.9, 50th(ms): 54.5, 90th(ms): 113.2, 95th(ms): 176.2, 99th(ms): 637.5, 99.9th(ms): 1006.6, Max(ms): 1342.2
[Current] DELIVERY - Takes(s): 10.0, Count: 771, TPM: 4636.8, Sum(ms): 89169.4, Avg(ms): 115.7, 50th(ms): 113.2, 90th(ms): 159.4, 95th(ms): 184.5, 99th(ms): 243.3, 99.9th(ms): 318.8, Max(ms): 352.3
[Current] NEW_ORDER - Takes(s): 10.0, Count: 8752, TPM: 52513.7, Sum(ms): 305497.4, Avg(ms): 34.9, 50th(ms): 33.6, 90th(ms): 54.5, 95th(ms): 62.9, 99th(ms): 83.9, 99.9th(ms): 184.5, Max(ms): 218.1
[Current] ORDER_STATUS - Takes(s): 10.0, Count: 824, TPM: 4945.2, Sum(ms): 13935.4, Avg(ms): 16.9, 50th(ms): 13.6, 90th(ms): 32.5, 95th(ms): 44.0, 99th(ms): 71.3, 99.9th(ms): 109.1, Max(ms): 130.0
[Current] PAYMENT - Takes(s): 10.0, Count: 8393, TPM: 50533.0, Sum(ms): 171334.0, Avg(ms): 20.4, 50th(ms): 17.8, 90th(ms): 33.6, 95th(ms): 41.9, 99th(ms): 65.0, 99.9th(ms): 176.2, Max(ms): 209.7
[Current] STOCK_LEVEL - Takes(s): 10.0, Count: 817, TPM: 4903.6, Sum(ms): 52079.0, Avg(ms): 63.8, 50th(ms): 58.7, 90th(ms): 117.4, 95th(ms): 184.5, 99th(ms): 285.2, 99.9th(ms): 352.3, Max(ms): 369.1
[Current] DELIVERY - Takes(s): 10.0, Count: 910, TPM: 5460.4, Sum(ms): 100617.8, Avg(ms): 110.6, 50th(ms): 109.1, 90th(ms): 151.0, 95th(ms): 167.8, 99th(ms): 226.5, 99.9th(ms): 285.2, Max(ms): 285.2
[Current] NEW_ORDER - Takes(s): 10.0, Count: 9755, TPM: 58541.9, Sum(ms): 313217.2, Avg(ms): 32.1, 50th(ms): 31.5, 90th(ms): 48.2, 95th(ms): 52.4, 99th(ms): 71.3, 99.9th(ms): 100.7, Max(ms): 134.2
[Current] ORDER_STATUS - Takes(s): 10.0, Count: 870, TPM: 5220.6, Sum(ms): 11585.5, Avg(ms): 13.3, 50th(ms): 12.6, 90th(ms): 21.0, 95th(ms): 25.2, 99th(ms): 44.0, 99.9th(ms): 67.1, Max(ms): 100.7
[Current] PAYMENT - Takes(s): 10.0, Count: 9268, TPM: 55611.9, Sum(ms): 159603.9, Avg(ms): 17.2, 50th(ms): 16.3, 90th(ms): 26.2, 95th(ms): 31.5, 99th(ms): 46.1, 99.9th(ms): 65.0, Max(ms): 92.3
[Current] STOCK_LEVEL - Takes(s): 10.0, Count: 895, TPM: 5372.5, Sum(ms): 44526.2, Avg(ms): 49.8, 50th(ms): 54.5, 90th(ms): 83.9, 95th(ms): 92.3, 99th(ms): 113.2, 99.9th(ms): 130.0, Max(ms): 159.4
[Current] DELIVERY - Takes(s): 10.0, Count: 676, TPM: 4065.2, Sum(ms): 73431.6, Avg(ms): 108.7, 50th(ms): 109.1, 90th(ms): 151.0, 95th(ms): 167.8, 99th(ms): 234.9, 99.9th(ms): 352.3, Max(ms): 402.7
[Current] NEW_ORDER - Takes(s): 10.0, Count: 8025, TPM: 48161.1, Sum(ms): 305849.1, Avg(ms): 38.1, 50th(ms): 35.7, 90th(ms): 60.8, 95th(ms): 75.5, 99th(ms): 109.1, 99.9th(ms): 302.0, Max(ms): 318.8
[Current] ORDER_STATUS - Takes(s): 10.0, Count: 701, TPM: 4210.5, Sum(ms): 14479.3, Avg(ms): 20.7, 50th(ms): 14.7, 90th(ms): 44.0, 95th(ms): 60.8, 99th(ms): 96.5, 99.9th(ms): 251.7, Max(ms): 268.4
[Current] PAYMENT - Takes(s): 10.0, Count: 7700, TPM: 46211.8, Sum(ms): 179209.8, Avg(ms): 23.3, 50th(ms): 19.9, 90th(ms): 41.9, 95th(ms): 54.5, 99th(ms): 83.9, 99.9th(ms): 142.6, Max(ms): 302.0
[Current] STOCK_LEVEL - Takes(s): 10.0, Count: 726, TPM: 4358.5, Sum(ms): 57846.9, Avg(ms): 79.8, 50th(ms): 62.9, 90th(ms): 184.5, 95th(ms): 251.7, 99th(ms): 369.1, 99.9th(ms): 453.0, Max(ms): 520.1
[Current] DELIVERY - Takes(s): 10.0, Count: 604, TPM: 3626.5, Sum(ms): 78927.2, Avg(ms): 130.7, 50th(ms): 113.2, 90th(ms): 201.3, 95th(ms): 285.2, 99th(ms): 570.4, 99.9th(ms): 637.5, Max(ms): 738.2
[Current] NEW_ORDER - Takes(s): 10.0, Count: 6655, TPM: 39956.9, Sum(ms): 296976.1, Avg(ms): 44.7, 50th(ms): 33.6, 90th(ms): 65.0, 95th(ms): 142.6, 99th(ms): 268.4, 99.9th(ms): 369.1, Max(ms): 419.4
[Current] ORDER_STATUS - Takes(s): 10.0, Count: 595, TPM: 3571.9, Sum(ms): 16356.1, Avg(ms): 27.5, 50th(ms): 14.7, 90th(ms): 41.9, 95th(ms): 113.2, 99th(ms): 302.0, 99.9th(ms): 419.4, Max(ms): 604.0
[Current] PAYMENT - Takes(s): 10.0, Count: 6287, TPM: 37747.3, Sum(ms): 174805.5, Avg(ms): 27.8, 50th(ms): 18.9, 90th(ms): 48.2, 95th(ms): 96.5, 99th(ms): 192.9, 99.9th(ms): 318.8, Max(ms): 436.2
[Current] STOCK_LEVEL - Takes(s): 10.0, Count: 580, TPM: 3480.1, Sum(ms): 66623.3, Avg(ms): 115.1, 50th(ms): 58.7, 90th(ms): 159.4, 95th(ms): 520.1, 99th(ms): 1409.3, 99.9th(ms): 1811.9, Max(ms): 1879.0
[Current] DELIVERY - Takes(s): 10.0, Count: 867, TPM: 5216.2, Sum(ms): 95306.6, Avg(ms): 109.9, 50th(ms): 109.1, 90th(ms): 151.0, 95th(ms): 176.2, 99th(ms): 218.1, 99.9th(ms): 318.8, Max(ms): 385.9
[Current] NEW_ORDER - Takes(s): 10.0, Count: 9946, TPM: 59681.2, Sum(ms): 318342.9, Avg(ms): 32.0, 50th(ms): 31.5, 90th(ms): 46.1, 95th(ms): 52.4, 99th(ms): 71.3, 99.9th(ms): 100.7, Max(ms): 167.8
[Current] ORDER_STATUS - Takes(s): 10.0, Count: 874, TPM: 5251.6, Sum(ms): 11238.7, Avg(ms): 12.9, 50th(ms): 12.1, 90th(ms): 21.0, 95th(ms): 24.1, 99th(ms): 41.9, 99.9th(ms): 75.5, Max(ms): 83.9
[Current] PAYMENT - Takes(s): 10.0, Count: 9294, TPM: 55780.2, Sum(ms): 162001.5, Avg(ms): 17.4, 50th(ms): 16.3, 90th(ms): 26.2, 95th(ms): 31.5, 99th(ms): 48.2, 99.9th(ms): 71.3, Max(ms): 134.2
[Current] STOCK_LEVEL - Takes(s): 10.0, Count: 894, TPM: 5364.3, Sum(ms): 42206.3, Avg(ms): 47.2, 50th(ms): 50.3, 90th(ms): 79.7, 95th(ms): 88.1, 99th(ms): 104.9, 99.9th(ms): 125.8, Max(ms): 159.4
[Current] DELIVERY - Takes(s): 10.0, Count: 814, TPM: 4902.8, Sum(ms): 90688.7, Avg(ms): 111.4, 50th(ms): 109.1, 90th(ms): 151.0, 95th(ms): 167.8, 99th(ms): 226.5, 99.9th(ms): 302.0, Max(ms): 335.5
[Current] NEW_ORDER - Takes(s): 10.0, Count: 9835, TPM: 59015.1, Sum(ms): 319819.3, Avg(ms): 32.5, 50th(ms): 31.5, 90th(ms): 48.2, 95th(ms): 54.5, 99th(ms): 75.5, 99.9th(ms): 104.9, Max(ms): 142.6
[Current] ORDER_STATUS - Takes(s): 10.0, Count: 875, TPM: 5255.8, Sum(ms): 11933.6, Avg(ms): 13.6, 50th(ms): 12.6, 90th(ms): 22.0, 95th(ms): 29.4, 99th(ms): 44.0, 99.9th(ms): 56.6, Max(ms): 58.7
[Current] PAYMENT - Takes(s): 10.0, Count: 9239, TPM: 55438.2, Sum(ms): 163497.0, Avg(ms): 17.7, 50th(ms): 16.3, 90th(ms): 27.3, 95th(ms): 33.6, 99th(ms): 48.2, 99.9th(ms): 75.5, Max(ms): 142.6
[Current] STOCK_LEVEL - Takes(s): 10.0, Count: 872, TPM: 5234.2, Sum(ms): 42678.4, Avg(ms): 49.0, 50th(ms): 52.4, 90th(ms): 83.9, 95th(ms): 96.5, 99th(ms): 125.8, 99.9th(ms): 159.4, Max(ms): 167.8
[Current] DELIVERY - Takes(s): 10.0, Count: 826, TPM: 4956.8, Sum(ms): 95699.6, Avg(ms): 115.9, 50th(ms): 113.2, 90th(ms): 159.4, 95th(ms): 192.9, 99th(ms): 234.9, 99.9th(ms): 285.2, Max(ms): 335.5
[Current] NEW_ORDER - Takes(s): 10.0, Count: 9540, TPM: 57241.5, Sum(ms): 316762.9, Avg(ms): 33.2, 50th(ms): 32.5, 90th(ms): 50.3, 95th(ms): 56.6, 99th(ms): 75.5, 99.9th(ms): 104.9, Max(ms): 125.8
[Current] ORDER_STATUS - Takes(s): 10.0, Count: 864, TPM: 5185.9, Sum(ms): 11460.4, Avg(ms): 13.3, 50th(ms): 12.6, 90th(ms): 21.0, 95th(ms): 25.2, 99th(ms): 35.7, 99.9th(ms): 65.0, Max(ms): 79.7
[Current] PAYMENT - Takes(s): 10.0, Count: 9251, TPM: 55514.3, Sum(ms): 164329.9, Avg(ms): 17.8, 50th(ms): 16.8, 90th(ms): 27.3, 95th(ms): 32.5, 99th(ms): 48.2, 99.9th(ms): 75.5, Max(ms): 104.9
[Current] STOCK_LEVEL - Takes(s): 10.0, Count: 804, TPM: 4829.9, Sum(ms): 40616.2, Avg(ms): 50.5, 50th(ms): 54.5, 90th(ms): 88.1, 95th(ms): 96.5, 99th(ms): 121.6, 99.9th(ms): 159.4, Max(ms): 167.8
[Current] DELIVERY - Takes(s): 10.0, Count: 854, TPM: 5126.0, Sum(ms): 97171.6, Avg(ms): 113.9, 50th(ms): 113.2, 90th(ms): 151.0, 95th(ms): 176.2, 99th(ms): 218.1, 99.9th(ms): 268.4, Max(ms): 318.8
[Current] NEW_ORDER - Takes(s): 10.0, Count: 9444, TPM: 56677.1, Sum(ms): 316344.8, Avg(ms): 33.5, 50th(ms): 32.5, 90th(ms): 50.3, 95th(ms): 56.6, 99th(ms): 75.5, 99.9th(ms): 113.2, Max(ms): 151.0
[Current] ORDER_STATUS - Takes(s): 10.0, Count: 818, TPM: 4916.5, Sum(ms): 11009.0, Avg(ms): 13.5, 50th(ms): 12.6, 90th(ms): 22.0, 95th(ms): 26.2, 99th(ms): 44.0, 99.9th(ms): 71.3, Max(ms): 79.7
[Current] PAYMENT - Takes(s): 10.0, Count: 9032, TPM: 54204.3, Sum(ms): 163389.8, Avg(ms): 18.1, 50th(ms): 16.8, 90th(ms): 28.3, 95th(ms): 35.7, 99th(ms): 52.4, 99.9th(ms): 79.7, Max(ms): 109.1
[Current] STOCK_LEVEL - Takes(s): 10.0, Count: 828, TPM: 4976.4, Sum(ms): 40974.6, Avg(ms): 49.5, 50th(ms): 54.5, 90th(ms): 88.1, 95th(ms): 96.5, 99th(ms): 113.2, 99.9th(ms): 142.6, Max(ms): 151.0
[Current] DELIVERY - Takes(s): 10.0, Count: 789, TPM: 4737.6, Sum(ms): 91493.7, Avg(ms): 115.9, 50th(ms): 113.2, 90th(ms): 159.4, 95th(ms): 184.5, 99th(ms): 226.5, 99.9th(ms): 302.0, Max(ms): 318.8
[Current] NEW_ORDER - Takes(s): 10.0, Count: 9575, TPM: 57452.2, Sum(ms): 318224.7, Avg(ms): 33.2, 50th(ms): 32.5, 90th(ms): 48.2, 95th(ms): 54.5, 99th(ms): 71.3, 99.9th(ms): 121.6, Max(ms): 184.5
[Current] ORDER_STATUS - Takes(s): 10.0, Count: 855, TPM: 5132.3, Sum(ms): 11538.9, Avg(ms): 13.5, 50th(ms): 13.1, 90th(ms): 22.0, 95th(ms): 26.2, 99th(ms): 37.7, 99.9th(ms): 52.4, Max(ms): 56.6
[Current] PAYMENT - Takes(s): 10.0, Count: 9131, TPM: 54788.1, Sum(ms): 162703.3, Avg(ms): 17.8, 50th(ms): 16.8, 90th(ms): 27.3, 95th(ms): 32.5, 99th(ms): 48.2, 99.9th(ms): 75.5, Max(ms): 151.0
[Current] STOCK_LEVEL - Takes(s): 10.0, Count: 875, TPM: 5250.8, Sum(ms): 45297.2, Avg(ms): 51.8, 50th(ms): 56.6, 90th(ms): 83.9, 95th(ms): 92.3, 99th(ms): 117.4, 99.9th(ms): 159.4, Max(ms): 176.2
[Current] DELIVERY - Takes(s): 10.0, Count: 843, TPM: 5070.6, Sum(ms): 97501.0, Avg(ms): 115.8, 50th(ms): 113.2, 90th(ms): 151.0, 95th(ms): 167.8, 99th(ms): 218.1, 99.9th(ms): 243.3, Max(ms): 260.0
[Current] NEW_ORDER - Takes(s): 10.0, Count: 9647, TPM: 57885.4, Sum(ms): 317895.9, Avg(ms): 33.0, 50th(ms): 32.5, 90th(ms): 48.2, 95th(ms): 52.4, 99th(ms): 67.1, 99.9th(ms): 104.9, Max(ms): 192.9
[Current] ORDER_STATUS - Takes(s): 10.0, Count: 873, TPM: 5247.9, Sum(ms): 11485.5, Avg(ms): 13.2, 50th(ms): 13.1, 90th(ms): 21.0, 95th(ms): 25.2, 99th(ms): 35.7, 99.9th(ms): 56.6, Max(ms): 56.6
[Current] PAYMENT - Takes(s): 10.0, Count: 9224, TPM: 55359.7, Sum(ms): 160812.0, Avg(ms): 17.4, 50th(ms): 16.3, 90th(ms): 26.2, 95th(ms): 31.5, 99th(ms): 44.0, 99.9th(ms): 67.1, Max(ms): 92.3
[Current] STOCK_LEVEL - Takes(s): 10.0, Count: 861, TPM: 5168.0, Sum(ms): 41956.6, Avg(ms): 48.7, 50th(ms): 52.4, 90th(ms): 79.7, 95th(ms): 92.3, 99th(ms): 109.1, 99.9th(ms): 142.6, Max(ms): 151.0
[Current] DELIVERY - Takes(s): 10.0, Count: 860, TPM: 5164.3, Sum(ms): 97566.7, Avg(ms): 113.5, 50th(ms): 113.2, 90th(ms): 151.0, 95th(ms): 176.2, 99th(ms): 218.1, 99.9th(ms): 251.7, Max(ms): 318.8
[Current] NEW_ORDER - Takes(s): 10.0, Count: 9347, TPM: 56126.8, Sum(ms): 311761.0, Avg(ms): 33.4, 50th(ms): 32.5, 90th(ms): 50.3, 95th(ms): 56.6, 99th(ms): 75.5, 99.9th(ms): 113.2, Max(ms): 184.5
[Current] ORDER_STATUS - Takes(s): 10.0, Count: 860, TPM: 5172.6, Sum(ms): 11580.3, Avg(ms): 13.5, 50th(ms): 12.6, 90th(ms): 22.0, 95th(ms): 26.2, 99th(ms): 41.9, 99.9th(ms): 71.3, Max(ms): 79.7
[Current] PAYMENT - Takes(s): 10.0, Count: 9092, TPM: 54563.4, Sum(ms): 165877.7, Avg(ms): 18.3, 50th(ms): 16.8, 90th(ms): 28.3, 95th(ms): 33.6, 99th(ms): 50.3, 99.9th(ms): 83.9, Max(ms): 134.2
[Current] STOCK_LEVEL - Takes(s): 10.0, Count: 848, TPM: 5092.4, Sum(ms): 41369.0, Avg(ms): 48.8, 50th(ms): 52.4, 90th(ms): 83.9, 95th(ms): 92.3, 99th(ms): 117.4, 99.9th(ms): 142.6, Max(ms): 142.6
[Current] DELIVERY - Takes(s): 10.0, Count: 838, TPM: 5030.1, Sum(ms): 95113.4, Avg(ms): 113.5, 50th(ms): 113.2, 90th(ms): 159.4, 95th(ms): 184.5, 99th(ms): 226.5, 99.9th(ms): 335.5, Max(ms): 335.5
[Current] NEW_ORDER - Takes(s): 10.0, Count: 9698, TPM: 58220.7, Sum(ms): 315531.4, Avg(ms): 32.5, 50th(ms): 31.5, 90th(ms): 48.2, 95th(ms): 54.5, 99th(ms): 71.3, 99.9th(ms): 100.7, Max(ms): 134.2
[Current] ORDER_STATUS - Takes(s): 10.0, Count: 853, TPM: 5120.5, Sum(ms): 11446.3, Avg(ms): 13.4, 50th(ms): 12.6, 90th(ms): 22.0, 95th(ms): 27.3, 99th(ms): 41.9, 99.9th(ms): 50.3, Max(ms): 75.5
[Current] PAYMENT - Takes(s): 10.0, Count: 9388, TPM: 56380.5, Sum(ms): 166426.4, Avg(ms): 17.7, 50th(ms): 16.3, 90th(ms): 27.3, 95th(ms): 32.5, 99th(ms): 48.2, 99.9th(ms): 71.3, Max(ms): 125.8
[Current] STOCK_LEVEL - Takes(s): 10.0, Count: 872, TPM: 5242.2, Sum(ms): 41259.6, Avg(ms): 47.4, 50th(ms): 50.3, 90th(ms): 79.7, 95th(ms): 92.3, 99th(ms): 121.6, 99.9th(ms): 159.4, Max(ms): 176.2
Finished
[Summary] DELIVERY - Takes(s): 1199.6, Count: 97354, TPM: 4869.4, Sum(ms): 10860455.0, Avg(ms): 111.6, 50th(ms): 109.1, 90th(ms): 151.0, 95th(ms): 176.2, 99th(ms): 234.9, 99.9th(ms): 453.0, Max(ms): 1610.6
[Summary] NEW_ORDER - Takes(s): 1200.0, Count: 1096123, TPM: 54807.2, Sum(ms): 37727092.3, Avg(ms): 34.4, 50th(ms): 32.5, 90th(ms): 50.3, 95th(ms): 58.7, 99th(ms): 88.1, 99.9th(ms): 209.7, Max(ms): 838.9
[Summary] ORDER_STATUS - Takes(s): 1199.9, Count: 97753, TPM: 4887.9, Sum(ms): 1406112.5, Avg(ms): 14.4, 50th(ms): 12.6, 90th(ms): 24.1, 95th(ms): 31.5, 99th(ms): 60.8, 99.9th(ms): 176.2, Max(ms): 704.6
[Summary] PAYMENT - Takes(s): 1200.0, Count: 1046744, TPM: 52338.3, Sum(ms): 20049944.1, Avg(ms): 19.2, 50th(ms): 16.8, 90th(ms): 30.4, 95th(ms): 37.7, 99th(ms): 62.9, 99.9th(ms): 159.4, Max(ms): 704.6
[Summary] STOCK_LEVEL - Takes(s): 1199.6, Count: 97482, TPM: 4875.8, Sum(ms): 5492832.1, Avg(ms): 56.4, 50th(ms): 54.5, 90th(ms): 92.3, 95th(ms): 117.4, 99th(ms): 243.3, 99.9th(ms): 671.1, Max(ms): 1879.0
tpmC: 54807.2, tpmTotal: 121778.6, efficiency: 3329.6%
